condition,source_file,requestIndex,eventId,scenarioName,eventType,severity,group,ablationMode,success,n_gold,evidence_hits,Re_assist,expected_responsibility,predicted_responsibility,responsibility_consistent,N_wrong_assist,N_claim_assist,Ef_assist,readability_assist,evidence_count,suggestion_count,summary_chars,rootCause_chars,total_text_chars,fact_notes,error,summary,rootCause,evidencePoints
A_D0,cloud_experiment_results_A_D0_20260518_211528Z.json,0,EXP-20260518-001,追尾碰撞（跟车过近）,COLLISION,HIGH,A,D0,True,6,0,0.0,驾驶员,驾驶员,True,0,2,0.0,1.35,0,0,31,23,60,,,事故COLLISION发生于苏州·工业园区，严重程度HIGH。,主要责任驾驶员61%，系统25%，环境14%。,
A_D0,cloud_experiment_results_A_D0_20260518_211528Z.json,1,EXP-20260518-002,侧向刮擦（变道冲突）,COLLISION,HIGH,A,D0,True,6,0,0.0,驾驶员,驾驶员,True,0,2,0.0,1.35,0,0,31,23,60,,,事故COLLISION发生于苏州·工业园区，严重程度HIGH。,主要责任驾驶员71%，系统14%，环境15%。,
A_D0,cloud_experiment_results_A_D0_20260518_211528Z.json,2,EXP-20260518-003,静止障碍碰撞,COLLISION,LOW,A,D0,True,6,0,0.0,驾驶员,驾驶员,True,0,2,0.0,1.35,0,0,29,23,94,,,事故COLLISION发生于西安·高新区，严重程度LOW。,主要责任驾驶员69%，系统17%，环境14%。,
A_D0,cloud_experiment_results_A_D0_20260518_211528Z.json,3,EXP-20260518-004,倒车碰撞非机动车,COLLISION,LOW,A,D0,True,6,0,0.0,驾驶员,驾驶员,True,0,2,0.0,1.35,0,0,29,23,58,,,事故COLLISION发生于成都·高新区，严重程度LOW。,主要责任驾驶员58%，系统30%，环境12%。,
A_D0,cloud_experiment_results_A_D0_20260518_211528Z.json,4,EXP-20260518-005,环岛内连环碰撞,COLLISION,MEDIUM,A,D0,True,6,0,0.0,驾驶员,驾驶员,True,1,3,0.3333,1.35,0,0,33,23,62,"weather疑似矛盾: expected=晴, mentioned=['雨']",,事故COLLISION发生于南京·雨花台区，严重程度MEDIUM。,主要责任驾驶员68%，系统22%，环境10%。,
A_D0,cloud_experiment_results_A_D0_20260518_211528Z.json,5,EXP-20260518-006,匝道末端减速不及,COLLISION,MEDIUM,A,D0,True,6,0,0.0,驾驶员,驾驶员,True,0,2,0.0,1.35,0,0,33,23,62,,,事故COLLISION发生于上海·浦东新区，严重程度MEDIUM。,主要责任驾驶员64%，系统25%，环境11%。,
A_D0,cloud_experiment_results_A_D0_20260518_211528Z.json,6,EXP-20260518-007,隧道内低速追尾,COLLISION,MEDIUM,A,D0,True,6,0,0.0,驾驶员,驾驶员,True,0,2,0.0,1.35,0,0,33,23,62,,,事故COLLISION发生于上海·浦东新区，严重程度MEDIUM。,主要责任驾驶员68%，系统22%，环境10%。,
A_D0,cloud_experiment_results_A_D0_20260518_211528Z.json,7,EXP-20260518-008,NOA 异常退出未提示,AUTOPILOT_FAULT,HIGH,A,D0,True,6,0,0.0,系统,系统,True,0,2,0.0,1.35,0,0,36,23,65,,,事故AUTOPILOT_FAULT发生于深圳·南山区，严重程度HIGH。,主要责任驾驶员20%，系统70%，环境10%。,
A_D0,cloud_experiment_results_A_D0_20260518_211528Z.json,8,EXP-20260518-009,横向控制振荡诱发偏离,AUTOPILOT_FAULT,LOW,A,D0,True,6,0,0.0,系统,系统,True,0,2,0.0,2.4,0,1,35,23,178,,,事故AUTOPILOT_FAULT发生于西安·高新区，严重程度LOW。,主要责任驾驶员22%，系统66%，环境12%。,
A_D0,cloud_experiment_results_A_D0_20260518_211528Z.json,9,EXP-20260518-010,感知误检导致误制动,AUTOPILOT_FAULT,HIGH,A,D0,True,6,0,0.0,系统,系统,True,1,3,0.3333,3.3,3,1,38,23,295,"weather疑似矛盾: expected=雾, mentioned=['夜间']",,事故AUTOPILOT_FAULT发生于武汉·东湖高新区，严重程度HIGH。,主要责任驾驶员32%，系统58%，环境10%。,行车记录仪显示驾驶员低头看手机持续3秒 | EDR数据显示系统未发出告警 | 路侧监控显示障碍物存在且无反光标识
A_D0,cloud_experiment_results_A_D0_20260518_211528Z.json,10,EXP-20260518-011,规划轨迹突变,AUTOPILOT_FAULT,HIGH,A,D0,True,6,0,0.0,系统,系统,True,0,2,0.0,2.75,0,1,37,22,228,,,事故AUTOPILOT_FAULT发生于上海·浦东新区，严重程度HIGH。,主要责任驾驶员29%，系统62%，环境9%。,
A_D0,cloud_experiment_results_A_D0_20260518_211528Z.json,11,EXP-20260518-012,传感器融合短时失效,AUTOPILOT_FAULT,HIGH,A,D0,True,6,0,0.0,系统,系统,True,0,2,0.0,3.15,3,3,37,23,265,,,事故AUTOPILOT_FAULT发生于苏州·工业园区，严重程度HIGH。,主要责任驾驶员20%，系统70%，环境10%。,证据点1：系统日志显示故障代码 | 证据点2：驾驶员监控摄像头显示分神 | 证据点3：道路环境监控录像
A_D0,cloud_experiment_results_A_D0_20260518_211528Z.json,12,EXP-20260518-013,接管请求延迟,AUTOPILOT_FAULT,HIGH,A,D0,True,6,1,0.1667,系统,系统,True,1,3,0.3333,3.6,5,1,36,22,456,"weather疑似矛盾: expected=小雨, mentioned=['夜间']",,事故AUTOPILOT_FAULT发生于深圳·南山区，严重程度HIGH。,主要责任驾驶员29%，系统62%，环境9%。,EDR记录刹车前车速72km/h | 驾驶员手机使用记录显示碰撞前2.3秒有触控操作 | 系统日志显示感知模块未输出锥桶边界框 | 环境照度传感器显示平均照度0.3 lux | 施工区域无标准警示闪光灯
A_D0,cloud_experiment_results_A_D0_20260518_211528Z.json,13,EXP-20260518-014,前车急刹反应滞后,DRIVER_SLOW_REACTION,LOW,A,D0,True,6,0,0.0,驾驶员,驾驶员,True,0,1,0.0,1.35,0,0,39,23,141,,,事故DRIVER_SLOW_REACTION发生于北京·亦庄，严重程度LOW。,主要责任驾驶员58%，系统30%，环境12%。,
A_D0,cloud_experiment_results_A_D0_20260518_211528Z.json,14,EXP-20260518-015,夜间眩光下制动偏晚,DRIVER_SLOW_REACTION,HIGH,A,D0,True,6,0,0.0,驾驶员,驾驶员,True,0,1,0.0,1.35,0,0,43,23,138,,,事故DRIVER_SLOW_REACTION发生于武汉·东湖高新区，严重程度HIGH。,主要责任驾驶员68%，系统22%，环境10%。,
A_D0,cloud_experiment_results_A_D0_20260518_211528Z.json,15,EXP-20260518-016,分心使用手机,DRIVER_SLOW_REACTION,LOW,A,D0,True,6,0,0.0,驾驶员,驾驶员,True,0,1,0.0,1.35,0,0,41,23,70,,,事故DRIVER_SLOW_REACTION发生于苏州·工业园区，严重程度LOW。,主要责任驾驶员68%，系统22%，环境10%。,
A_D0,cloud_experiment_results_A_D0_20260518_211528Z.json,16,EXP-20260518-017,跟车距离过近,DRIVER_SLOW_REACTION,MEDIUM,A,D0,True,6,0,0.0,驾驶员,驾驶员,True,0,1,0.0,1.35,0,0,43,23,72,,,事故DRIVER_SLOW_REACTION发生于杭州·滨江区，严重程度MEDIUM。,主要责任驾驶员58%，系统30%，环境12%。,
A_D0,cloud_experiment_results_A_D0_20260518_211528Z.json,17,EXP-20260518-018,雨雾视距不足仍高速接近,DRIVER_SLOW_REACTION,MEDIUM,A,D0,True,6,0,0.0,驾驶员,驾驶员,True,1,2,0.5,1.35,0,0,44,23,73,"weather疑似矛盾: expected=雾, mentioned=['雨']",,事故DRIVER_SLOW_REACTION发生于南京·雨花台区，严重程度MEDIUM。,主要责任驾驶员77%，系统12%，环境11%。,
A_D0,cloud_experiment_results_A_D0_20260518_211528Z.json,18,EXP-20260518-019,匝道汇流未预留时距,DRIVER_SLOW_REACTION,HIGH,A,D0,True,6,0,0.0,驾驶员,驾驶员,True,0,1,0.0,1.35,0,0,41,23,69,,,事故DRIVER_SLOW_REACTION发生于西安·高新区，严重程度HIGH。,主要责任驾驶员64%，系统26%，环境10%。,
A_D0,cloud_experiment_results_A_D0_20260518_211528Z.json,19,EXP-20260518-020,AEB 触发过晚,AEB_DELAY_OR_MISS,HIGH,A,D0,True,6,0,0.0,系统,系统,True,0,2,0.0,1.35,0,0,39,23,68,,,事故AEB_DELAY_OR_MISS发生于上海·浦东新区，严重程度HIGH。,主要责任驾驶员41%，系统47%，环境12%。,
A_D0,cloud_experiment_results_A_D0_20260518_211528Z.json,20,EXP-20260518-021,静态目标未识别,AEB_DELAY_OR_MISS,HIGH,A,D0,True,6,0,0.0,系统,系统,True,0,2,0.0,1.35,0,0,37,22,65,,,事故AEB_DELAY_OR_MISS发生于北京·亦庄，严重程度HIGH。,主要责任驾驶员43%，系统48%，环境9%。,
A_D0,cloud_experiment_results_A_D0_20260518_211528Z.json,21,EXP-20260518-022,FCW 报警后 AEB 未跟进,AEB_DELAY_OR_MISS,MEDIUM,A,D0,True,6,0,0.0,系统,系统,True,0,2,0.0,2.4,0,1,42,23,220,,,事故AEB_DELAY_OR_MISS发生于武汉·东湖高新区，严重程度MEDIUM。,主要责任驾驶员36%，系统54%，环境10%。,
A_D0,cloud_experiment_results_A_D0_20260518_211528Z.json,22,EXP-20260518-023,低速行人场景漏检,AEB_DELAY_OR_MISS,HIGH,A,D0,True,6,0,0.0,系统,系统,True,0,2,0.0,1.35,0,0,38,23,67,,,事故AEB_DELAY_OR_MISS发生于西安·高新区，严重程度HIGH。,主要责任驾驶员36%，系统54%，环境10%。,
A_D0,cloud_experiment_results_A_D0_20260518_211528Z.json,23,EXP-20260518-024,施工区域未减速,AEB_DELAY_OR_MISS,HIGH,A,D0,True,6,0,0.0,系统,系统,True,0,2,0.0,1.35,0,0,37,21,64,,,事故AEB_DELAY_OR_MISS发生于成都·高新区，严重程度HIGH,主要责任驾驶员43%，系统48%，环境9%,
A_D0,cloud_experiment_results_A_D0_20260518_211528Z.json,24,EXP-20260518-025,相邻车道侵入未抑制,AEB_DELAY_OR_MISS,HIGH,A,D0,True,6,0,0.0,驾驶员,驾驶员,True,0,2,0.0,1.35,0,0,40,22,68,,,事故AEB_DELAY_OR_MISS发生于武汉·东湖高新区，严重程度HIGH。,主要责任驾驶员54%，系统37%，环境9%。,
A_D0,cloud_experiment_results_A_D0_20260518_211528Z.json,25,EXP-20260518-026,拥堵跟车时距 <1.2s,TTC_LOW_RISK,HIGH,A,D0,True,6,0,0.0,驾驶员,驾驶员,True,0,3,0.0,1.35,0,0,33,23,62,,,事故TTC_LOW_RISK发生于杭州·滨江区，严重程度HIGH。,主要责任驾驶员73%，系统15%，环境12%。,
A_D0,cloud_experiment_results_A_D0_20260518_211528Z.json,26,EXP-20260518-027,cut-in 后 TTC 骤降,TTC_LOW_RISK,LOW,A,D0,True,6,0,0.0,驾驶员,驾驶员,True,0,3,0.0,1.35,0,0,31,23,60,,,事故TTC_LOW_RISK发生于北京·亦庄，严重程度LOW。,主要责任驾驶员63%，系统26%，环境11%。,
A_D0,cloud_experiment_results_A_D0_20260518_211528Z.json,27,EXP-20260518-028,下坡车速过快导致 TTC 不足,TTC_LOW_RISK,HIGH,A,D0,True,6,0,0.0,驾驶员,驾驶员,True,0,3,0.0,1.35,0,0,34,23,120,,,事故TTC_LOW_RISK发生于苏州·工业园区，严重程度HIGH。,主要责任驾驶员63%，系统26%，环境11%。,
A_D0,cloud_experiment_results_A_D0_20260518_211528Z.json,28,EXP-20260518-029,弯道出口前车减速,TTC_LOW_RISK,MEDIUM,A,D0,True,6,0,0.0,驾驶员,驾驶员,True,0,3,0.0,2.4,0,1,35,23,167,,,事故TTC_LOW_RISK发生于广州·黄埔区，严重程度MEDIUM。,主要责任驾驶员73%，系统15%，环境12%。,
A_D0,cloud_experiment_results_A_D0_20260518_211528Z.json,29,EXP-20260518-030,绿灯起步抢行导致 TTC 不足,TTC_LOW_RISK,MEDIUM,A,D0,True,6,0,0.0,驾驶员,驾驶员,True,0,3,0.0,1.35,0,0,35,23,63,,,事故TTC_LOW_RISK发生于成都·高新区，严重程度MEDIUM。,主要责任驾驶员68%，系统18%，环境14%。,
A_D0,cloud_experiment_results_A_D0_20260518_211528Z.json,30,EXP-20260518-031,大车遮挡后突然出现的慢车,TTC_LOW_RISK,HIGH,A,D0,True,6,0,0.0,驾驶员,驾驶员,True,0,3,0.0,1.35,0,0,33,23,62,,,事故TTC_LOW_RISK发生于广州·黄埔区，严重程度HIGH。,主要责任驾驶员63%，系统26%，环境11%。,
A_D0,cloud_experiment_results_A_D0_20260518_211528Z.json,31,EXP-20260518-032,系统请求接管后 5s 内未接管,DRIVER_TAKEOVER_FAIL,HIGH,A,D0,True,6,0,0.0,系统,系统,True,1,2,0.5,1.35,0,0,41,22,69,"weather疑似矛盾: expected=晴, mentioned=['雨']",,事故DRIVER_TAKEOVER_FAIL发生于南京·雨花台区，严重程度HIGH,主要责任驾驶员39%，系统50%，环境11%,
A_D0,cloud_experiment_results_A_D0_20260518_211528Z.json,32,EXP-20260518-033,双手脱离方向盘,DRIVER_TAKEOVER_FAIL,MEDIUM,A,D0,True,6,0,0.0,系统,系统,True,1,2,0.5,3.35,1,1,44,22,334,"weather疑似矛盾: expected=侧风偏大, mentioned=['雨']",,事故DRIVER_TAKEOVER_FAIL发生于南京·雨花台区，严重程度MEDIUM。,主要责任驾驶员42%，系统49%，环境9%。,事故DRIVER_TAKEOVER_FAIL发生于南京·雨花台区，严重程度MEDIUM。
A_D0,cloud_experiment_results_A_D0_20260518_211528Z.json,33,EXP-20260518-034,接管后方向修正过量,DRIVER_TAKEOVER_FAIL,LOW,A,D0,True,6,0,0.0,系统,系统,True,0,1,0.0,2.4,0,1,40,23,203,,,事故DRIVER_TAKEOVER_FAIL发生于广州·黄埔区，严重程度LOW。,主要责任驾驶员39%，系统50%，环境11%。,
A_D0,cloud_experiment_results_A_D0_20260518_211528Z.json,34,EXP-20260518-035,L3 降级时驾驶员未响应,DRIVER_TAKEOVER_FAIL,LOW,A,D0,True,6,0,0.0,驾驶员,驾驶员,True,0,1,0.0,1.35,0,0,41,23,344,,,事故DRIVER_TAKEOVER_FAIL发生于苏州·工业园区，严重程度LOW。,主要责任驾驶员48%，系统42%，环境10%。,
A_D0,cloud_experiment_results_A_D0_20260518_211528Z.json,35,EXP-20260518-036,拥堵跟车系统退出未制动,DRIVER_TAKEOVER_FAIL,LOW,A,D0,True,6,0,0.0,系统,系统,True,0,1,0.0,1.35,0,0,41,23,134,,,事故DRIVER_TAKEOVER_FAIL发生于上海·浦东新区，严重程度LOW。,主要责任驾驶员39%，系统50%，环境11%。,
A_D0,cloud_experiment_results_A_D0_20260518_211528Z.json,36,EXP-20260518-037,驾驶员误踩加速踏板,DRIVER_TAKEOVER_FAIL,HIGH,A,D0,True,6,0,0.0,系统,系统,True,0,1,0.0,1.35,0,0,41,23,70,,,事故DRIVER_TAKEOVER_FAIL发生于深圳·南山区，严重程度HIGH。,主要责任驾驶员39%，系统50%，环境11%。,
A_D0,cloud_experiment_results_A_D0_20260518_211528Z.json,37,EXP-20260518-038,团雾突发能见度骤降,ENVIRONMENT_DISTURB,HIGH,A,D0,True,6,0,0.0,驾驶员,驾驶员,True,1,2,0.5,1.35,0,0,41,23,70,"weather疑似矛盾: expected=小雨, mentioned=['雨']",,事故ENVIRONMENT_DISTURB发生于南京·雨花台区，严重程度HIGH。,主要责任驾驶员47%，系统24%，环境29%。,
A_D0,cloud_experiment_results_A_D0_20260518_211528Z.json,38,EXP-20260518-039,路面结冰侧滑,ENVIRONMENT_DISTURB,LOW,A,D0,True,6,0,0.0,驾驶员,驾驶员,True,0,1,0.0,1.35,0,0,41,23,110,,,事故ENVIRONMENT_DISTURB发生于武汉·东湖高新区，严重程度LOW。,主要责任驾驶员53%，系统21%，环境26%。,
A_D0,cloud_experiment_results_A_D0_20260518_211528Z.json,39,EXP-20260518-040,强光逆光相机失效,ENVIRONMENT_DISTURB,HIGH,A,D0,True,6,0,0.0,驾驶员,驾驶员,True,1,2,0.5,2.4,0,1,40,23,183,"weather疑似矛盾: expected=雾, mentioned=['晴']",,事故ENVIRONMENT_DISTURB发生于成都·高新区，严重程度HIGH。,主要责任驾驶员47%，系统24%，环境29%。,
A_D0,cloud_experiment_results_A_D0_20260518_211528Z.json,40,EXP-20260518-041,横风高架桥面偏移,ENVIRONMENT_DISTURB,MEDIUM,A,D0,True,6,0,0.0,驾驶员,驾驶员,True,0,1,0.0,1.35,0,0,43,23,72,,,事故ENVIRONMENT_DISTURB发生于上海·浦东新区，严重程度MEDIUM。,主要责任驾驶员40%，系统28%，环境32%。,
A_D0,cloud_experiment_results_A_D0_20260518_211528Z.json,41,EXP-20260518-042,积水水滑,ENVIRONMENT_DISTURB,HIGH,A,D0,True,6,0,0.0,驾驶员,驾驶员,True,0,1,0.0,1.35,0,0,41,23,134,,,事故ENVIRONMENT_DISTURB发生于苏州·工业园区，严重程度HIGH。,主要责任驾驶员47%，系统24%，环境29%。,
A_D0,cloud_experiment_results_A_D0_20260518_211528Z.json,42,EXP-20260518-043,夜间无照明行人横穿,ENVIRONMENT_DISTURB,MEDIUM,A,D0,True,6,0,0.0,驾驶员,驾驶员,True,0,1,0.0,1.35,0,0,42,23,71,,,事故ENVIRONMENT_DISTURB发生于成都·高新区，严重程度MEDIUM。,主要责任驾驶员47%，系统24%，环境29%。,
A_D0,cloud_experiment_results_A_D0_20260518_211528Z.json,43,EXP-20260518-044,人-车-路-环境多因素叠加,MULTI_FACTOR,MEDIUM,A,D0,True,6,0,0.0,驾驶员,驾驶员,True,0,2,0.0,1.35,0,0,35,23,64,,,事故MULTI_FACTOR发生于深圳·南山区，严重程度MEDIUM。,主要责任驾驶员45%，系统31%，环境24%。,
A_D0,cloud_experiment_results_A_D0_20260518_211528Z.json,44,EXP-20260518-045,施工改道+感知降级+驾驶员分心,MULTI_FACTOR,MEDIUM,A,D0,True,6,0,0.0,驾驶员,驾驶员,True,0,2,0.0,1.35,0,0,35,23,113,,,事故MULTI_FACTOR发生于广州·黄埔区，严重程度MEDIUM。,主要责任驾驶员54%，系统18%，环境28%。,
A_D0,cloud_experiment_results_A_D0_20260518_211528Z.json,45,EXP-20260518-046,恶劣天气+跟车过近+AEB 保守策略,MULTI_FACTOR,MEDIUM,A,D0,True,6,0,0.0,驾驶员,驾驶员,True,0,2,0.0,1.35,0,0,36,23,65,,,事故MULTI_FACTOR发生于苏州·工业园区，严重程度MEDIUM。,主要责任驾驶员54%，系统18%，环境28%。,
A_D0,cloud_experiment_results_A_D0_20260518_211528Z.json,46,EXP-20260518-047,匝道+大车遮挡+前车急刹,MULTI_FACTOR,HIGH,A,D0,True,6,0,0.0,驾驶员,驾驶员,True,0,2,0.0,1.35,0,0,33,23,62,,,事故MULTI_FACTOR发生于深圳·南山区，严重程度HIGH。,主要责任驾驶员61%，系统15%，环境24%。,
A_D0,cloud_experiment_results_A_D0_20260518_211528Z.json,47,EXP-20260518-048,夜间+眩光+非机动车占道,MULTI_FACTOR,HIGH,A,D0,True,6,0,0.0,驾驶员,驾驶员,True,1,3,0.3333,2.4,0,1,33,23,226,"weather疑似矛盾: expected=晴, mentioned=['雨']",,事故MULTI_FACTOR发生于杭州·滨江区，严重程度HIGH。,主要责任驾驶员58%，系统24%，环境18%。,
A_D0,cloud_experiment_results_A_D0_20260518_211528Z.json,48,EXP-20260518-049,系统提示弱+环境复杂+接管犹豫,MULTI_FACTOR,HIGH,A,D0,True,6,0,0.0,驾驶员,驾驶员,True,1,3,0.3333,2.7,0,1,34,23,205,"weather疑似矛盾: expected=多云, mentioned=['雨']",,事故MULTI_FACTOR发生于南京·雨花台区，严重程度HIGH。,主要责任驾驶员61%，系统15%，环境24%。,
A_D0,cloud_experiment_results_A_D0_20260518_211528Z.json,49,EXP-20260518-050,多车交互+信号延迟+制动不足,MULTI_FACTOR,HIGH,A,D0,True,6,0,0.0,驾驶员,驾驶员,True,0,2,0.0,1.35,0,0,35,23,64,,,事故MULTI_FACTOR发生于武汉·东湖高新区，严重程度HIGH。,主要责任驾驶员61%，系统15%，环境24%。,
B_D0,cloud_experiment_results_B_D0_20260518_211554Z.json,0,EXP-20260518-001,追尾碰撞（跟车过近）,COLLISION,HIGH,B,D0,True,6,0,0.0,驾驶员,驾驶员,True,0,6,0.0,1.35,0,0,10,12,303,,,追尾碰撞（跟车过近）,跟车过近导致制动距离不足,
B_D0,cloud_experiment_results_B_D0_20260518_211554Z.json,1,EXP-20260518-002,侧向刮擦（变道冲突）,COLLISION,HIGH,B,D0,True,6,0,0.0,驾驶员,驾驶员,True,0,6,0.0,1.35,0,0,10,9,264,,,侧向刮擦（变道冲突）,前车急刹制动灯亮起,
B_D0,cloud_experiment_results_B_D0_20260518_211554Z.json,2,EXP-20260518-003,静止障碍碰撞,COLLISION,LOW,B,D0,True,6,0,0.0,驾驶员,环境,False,0,6,0.0,1.35,0,0,6,8,198,,,静止障碍碰撞,慢车占道导致碰撞,
B_D0,cloud_experiment_results_B_D0_20260518_211554Z.json,3,EXP-20260518-004,倒车碰撞非机动车,COLLISION,LOW,B,D0,True,6,0,0.0,驾驶员,驾驶员,True,0,6,0.0,1.75,0,0,56,35,347,,,在收费站广场（晴天）发生一起倒车碰撞非机动车的事故，车辆处于L2级辅助驾驶状态，路面有抛洒物，事故等级为LOW。,倒车时未充分观察后方情况，加之路面抛洒物干扰，导致与非机动车发生碰撞。,
B_D0,cloud_experiment_results_B_D0_20260518_211554Z.json,4,EXP-20260518-005,环岛内连环碰撞,COLLISION,MEDIUM,B,D0,True,6,0,0.0,驾驶员,系统,False,0,6,0.0,1.35,0,0,44,12,207,,,环岛内连环碰撞，发生于施工借道段（晴），涉及匝道汇流冲突，自动驾驶状态L2_ASSIST,匝道汇流冲突导致连环碰撞,
B_D0,cloud_experiment_results_B_D0_20260518_211554Z.json,5,EXP-20260518-006,匝道末端减速不及,COLLISION,MEDIUM,B,D0,True,6,0,0.0,驾驶员,驾驶员,True,1,6,0.1667,1.35,0,0,8,20,274,"weather疑似矛盾: expected=小雨, mentioned=['雨']",,匝道末端减速不及,车辆未能及时减速以应对匝道末端和前方慢车,
B_D0,cloud_experiment_results_B_D0_20260518_211554Z.json,6,EXP-20260518-007,隧道内低速追尾,COLLISION,MEDIUM,B,D0,True,6,0,0.0,驾驶员,驾驶员,True,1,6,0.1667,1.35,0,0,7,29,225,"weather疑似矛盾: expected=冰雪, mentioned=['雪']",,隧道内低速追尾,冰雪路面导致制动距离增加，行人靠近路缘可能分散驾驶员注意力,
B_D0,cloud_experiment_results_B_D0_20260518_211554Z.json,7,EXP-20260518-008,NOA 异常退出未提示,AUTOPILOT_FAULT,HIGH,B,D0,True,6,0,0.0,系统,系统,True,0,4,0.0,1.75,0,0,61,33,231,,,NOA异常退出未提示，发生于园区内部路（侧风偏大），右侧车辆强行切入，自动驾驶状态AUTONOMOUS，严重程度HIGH。,NOA系统在侧风偏大且右侧车辆强行切入时异常退出，未提供提示信息。,
B_D0,cloud_experiment_results_B_D0_20260518_211554Z.json,8,EXP-20260518-009,横向控制振荡诱发偏离,AUTOPILOT_FAULT,LOW,B,D0,True,6,0,0.0,系统,系统,True,1,5,0.2,1.75,0,0,50,6,317,"weather疑似矛盾: expected=小雨, mentioned=['雨']",,自动驾驶车辆在收费站广场小雨天气下，因横向控制振荡导致偏离车道，并触及偏移的施工锥桶，事件等级LOW,横向控制振荡,
B_D0,cloud_experiment_results_B_D0_20260518_211554Z.json,9,EXP-20260518-010,感知误检导致误制动,AUTOPILOT_FAULT,HIGH,B,D0,True,6,0,0.0,系统,系统,True,0,3,0.0,1.75,0,0,56,29,213,,,自动驾驶系统在高架匝道（雾）环境下，因感知误检导致误制动，车辆在前车急刹制动灯亮起时错误触发制动，影响行车安全。,感知模块误检，将正常场景错误识别为需要紧急制动的危险场景。,
B_D0,cloud_experiment_results_B_D0_20260518_211554Z.json,10,EXP-20260518-011,规划轨迹突变,AUTOPILOT_FAULT,HIGH,B,D0,True,6,0,0.0,系统,系统,True,0,5,0.0,1.75,0,0,70,16,215,,,自动驾驶状态在长下坡接弯处（有雾）因外卖非机动车占道导致规划轨迹突变，触发AUTOPILOT_FAULT事件，等级HIGH，严重程度HIGH,外卖非机动车占道导致规划轨迹突变,
B_D0,cloud_experiment_results_B_D0_20260518_211554Z.json,11,EXP-20260518-012,传感器融合短时失效,AUTOPILOT_FAULT,HIGH,B,D0,True,6,0,0.0,系统,系统,True,0,5,0.0,1.75,0,0,56,9,251,,,传感器融合短时失效，发生在施工借道段（多云），行人突然横穿，自动驾驶状态AUTONOMOUS，严重程度HIGH。,传感器融合短时失效,
B_D0,cloud_experiment_results_B_D0_20260518_211554Z.json,12,EXP-20260518-013,接管请求延迟,AUTOPILOT_FAULT,HIGH,B,D0,True,6,0,0.0,系统,系统,True,1,6,0.1667,2.15,0,0,68,43,410,"weather疑似矛盾: expected=小雨, mentioned=['雨']",,【接管请求延迟】自动驾驶状态AUTONOMOUS，快速路小雨天气，前车急刹制动灯亮起，系统未及时发出接管请求或响应延迟，导致碰撞风险升高,自动驾驶系统在雨天环境下对前车急刹事件的感知与决策延迟，未能及时触发接管请求或自动制动,
B_D0,cloud_experiment_results_B_D0_20260518_211554Z.json,13,EXP-20260518-014,前车急刹反应滞后,DRIVER_SLOW_REACTION,LOW,B,D0,True,6,0,0.0,驾驶员,驾驶员,True,0,4,0.0,1.35,0,0,8,14,257,,,前车急刹反应滞后,驾驶员对前方车辆急刹反应缓慢,
B_D0,cloud_experiment_results_B_D0_20260518_211554Z.json,14,EXP-20260518-015,夜间眩光下制动偏晚,DRIVER_SLOW_REACTION,HIGH,B,D0,True,6,0,0.0,驾驶员,驾驶员,True,1,4,0.25,1.35,0,0,9,33,290,"weather疑似矛盾: expected=小雨, mentioned=['雨', '夜间']",,夜间眩光下制动偏晚,驾驶员因隧道入口处眩光影响，未能及时识别横穿行人，导致制动时机偏晚,
B_D0,cloud_experiment_results_B_D0_20260518_211554Z.json,15,EXP-20260518-016,分心使用手机,DRIVER_SLOW_REACTION,LOW,B,D0,True,6,0,0.0,驾驶员,驾驶员,True,0,4,0.0,1.35,0,0,29,9,251,,,在收费站广场（多云天气）发生分心使用手机导致的慢车占道事件,驾驶员分心使用手机,
B_D0,cloud_experiment_results_B_D0_20260518_211554Z.json,16,EXP-20260518-017,跟车距离过近,DRIVER_SLOW_REACTION,MEDIUM,B,D0,True,6,0,0.0,驾驶员,驾驶员,True,0,5,0.0,1.35,0,0,6,6,228,,,跟车距离过近,跟车距离过近,
B_D0,cloud_experiment_results_B_D0_20260518_211554Z.json,17,EXP-20260518-018,雨雾视距不足仍高速接近,DRIVER_SLOW_REACTION,MEDIUM,B,D0,True,6,0,0.0,驾驶员,环境,False,0,4,0.0,2.15,0,0,56,52,259,,,雨雾视距不足仍高速接近导致驾驶员反应慢，施工借道段雾天锥桶偏移，自动驾驶L2_ASSIST状态下发生中等严重事故,驾驶员在雨雾天气视距不足的情况下仍以较高速度接近施工区域，未能及时识别偏移的施工锥桶并采取减速或避让措施,
B_D0,cloud_experiment_results_B_D0_20260518_211554Z.json,18,EXP-20260518-019,匝道汇流未预留时距,DRIVER_SLOW_REACTION,HIGH,B,D0,True,6,0,0.0,驾驶员,驾驶员,True,0,3,0.0,1.35,0,0,42,25,177,,,匝道汇流未预留时距导致自动驾驶辅助状态下追尾静止排队车龙末端，发生于晴天城市主干道。,驾驶员反应迟缓，未及时预判车龙末端并预留安全时距。,
B_D0,cloud_experiment_results_B_D0_20260518_211554Z.json,19,EXP-20260518-020,AEB 触发过晚,AEB_DELAY_OR_MISS,HIGH,B,D0,True,6,0,0.0,系统,系统,True,0,5,0.0,1.35,0,0,8,16,241,,,AEB 触发过晚,长下坡弯道路况导致AEB触发延迟,
B_D0,cloud_experiment_results_B_D0_20260518_211554Z.json,20,EXP-20260518-021,静态目标未识别,AEB_DELAY_OR_MISS,HIGH,B,D0,True,6,0,0.0,系统,系统,True,1,6,0.1667,1.35,0,0,26,7,253,"weather疑似矛盾: expected=冰雪, mentioned=['雪']",,【静态目标未识别】AEB_DELAY_OR_MISS,静态目标未识别,
B_D0,cloud_experiment_results_B_D0_20260518_211554Z.json,21,EXP-20260518-022,FCW 报警后 AEB 未跟进,AEB_DELAY_OR_MISS,MEDIUM,B,D0,True,6,0,0.0,系统,系统,True,1,6,0.1667,2.15,0,0,51,56,339,"weather疑似矛盾: expected=冰雪, mentioned=['雪']",,FCW报警后AEB未跟进，发生于长下坡接弯（冰雪），涉及施工锥桶偏移，自动驾驶状态AUTONOMOUS,AEB系统在冰雪路面长下坡弯道场景中未能及时触发，可能因传感器对偏移的施工锥桶识别延迟或算法对复杂路况适应性不足,
B_D0,cloud_experiment_results_B_D0_20260518_211554Z.json,22,EXP-20260518-023,低速行人场景漏检,AEB_DELAY_OR_MISS,HIGH,B,D0,True,6,0,0.0,系统,驾驶员,False,0,5,0.0,1.35,0,0,8,16,212,,,低速行人场景漏检,传感器检测延迟或遮挡导致目标漏检,
B_D0,cloud_experiment_results_B_D0_20260518_211554Z.json,23,EXP-20260518-024,施工区域未减速,AEB_DELAY_OR_MISS,HIGH,B,D0,True,6,0,0.0,系统,系统,True,0,3,0.0,1.35,0,0,7,17,149,,,施工区域未减速,行人突然横穿，自动驾驶未能及时制动,
B_D0,cloud_experiment_results_B_D0_20260518_211554Z.json,24,EXP-20260518-025,相邻车道侵入未抑制,AEB_DELAY_OR_MISS,HIGH,B,D0,True,6,0,0.0,驾驶员,系统,False,0,5,0.0,1.35,0,0,9,35,312,,,相邻车道侵入未抑制,AEB系统对相邻车道侵入车辆的识别或响应延迟，导致未能及时抑制碰撞风险,
B_D0,cloud_experiment_results_B_D0_20260518_211554Z.json,25,EXP-20260518-026,拥堵跟车时距 <1.2s,TTC_LOW_RISK,HIGH,B,D0,True,6,0,0.0,驾驶员,系统,False,0,6,0.0,1.75,0,0,70,20,276,,,拥堵跟车时距 <1.2s，TTC_LOW_RISK，HIGH等级；发生于城市主干道（多云），涉及前车急刹制动灯亮起，自动驾驶状态MANUAL,跟车时距过小，导致前车急刹时无法安全避让,
B_D0,cloud_experiment_results_B_D0_20260518_211554Z.json,26,EXP-20260518-027,cut-in 后 TTC 骤降,TTC_LOW_RISK,LOW,B,D0,True,6,0,0.0,驾驶员,驾驶员,True,0,7,0.0,1.35,0,0,29,13,280,,,【cut-in 后 TTC 骤降】TTC_LOW_RISK,cut-in导致TTC骤降,
B_D0,cloud_experiment_results_B_D0_20260518_211554Z.json,27,EXP-20260518-028,下坡车速过快导致 TTC 不足,TTC_LOW_RISK,HIGH,B,D0,True,6,0,0.0,驾驶员,环境,False,0,6,0.0,1.75,0,0,85,6,375,,,下坡车速过快导致 TTC 不足，TTC_LOW_RISK 事件，HIGH等级，发生在晴朗天气下的快速路，施工区域未完全封闭，自动驾驶状态为MANUAL，严重程度HIGH。,下坡车速过快,
B_D0,cloud_experiment_results_B_D0_20260518_211554Z.json,28,EXP-20260518-029,弯道出口前车减速,TTC_LOW_RISK,MEDIUM,B,D0,True,6,0,0.0,驾驶员,系统,False,1,7,0.1429,2.15,0,0,78,47,406,"weather疑似矛盾: expected=小雨, mentioned=['雨']",,在高架匝道（小雨）弯道出口处，因前方车辆减速未打灯，本车触发TTC_LOW_RISK预警，等级MEDIUM，自动驾驶状态MANUAL，严重程度MEDIUM。,前方车辆在弯道出口突然减速且未开启转向灯，导致本车与前车距离快速缩短，触发低风险碰撞时间预警。,
B_D0,cloud_experiment_results_B_D0_20260518_211554Z.json,29,EXP-20260518-030,绿灯起步抢行导致 TTC 不足,TTC_LOW_RISK,MEDIUM,B,D0,True,6,0,0.0,驾驶员,驾驶员,True,1,7,0.1429,1.35,0,0,15,20,233,"weather疑似矛盾: expected=小雨, mentioned=['雨']",,绿灯起步抢行导致 TTC 不足,绿灯起步抢行，行人靠近路缘导致TTC不足,
B_D0,cloud_experiment_results_B_D0_20260518_211554Z.json,30,EXP-20260518-031,大车遮挡后突然出现的慢车,TTC_LOW_RISK,HIGH,B,D0,True,6,0,0.0,驾驶员,系统,False,1,7,0.1429,1.35,0,0,48,19,257,"weather疑似矛盾: expected=小雨, mentioned=['雨']",,大车遮挡后突然出现慢车，前车急刹制动灯亮起，自动驾驶状态手动，发生地点高架匝道小雨，严重程度高。,大车遮挡视线导致突然出现慢车，前车急刹,
B_D0,cloud_experiment_results_B_D0_20260518_211554Z.json,31,EXP-20260518-032,系统请求接管后 5s 内未接管,DRIVER_TAKEOVER_FAIL,HIGH,B,D0,True,6,0,0.0,系统,驾驶员,False,0,5,0.0,2.15,0,0,92,41,373,,,系统请求接管后5秒内驾驶员未接管，导致DRIVER_TAKEOVER_FAIL事件，发生于城市主干道（晴天），前车急刹制动灯亮起，自动驾驶状态为AUTONOMOUS，严重程度HIGH。,驾驶员未能在系统请求接管后的5秒内响应，可能由于注意力不集中或未及时处理接管请求。,
B_D0,cloud_experiment_results_B_D0_20260518_211554Z.json,32,EXP-20260518-033,双手脱离方向盘,DRIVER_TAKEOVER_FAIL,MEDIUM,B,D0,True,6,0,0.0,系统,驾驶员,False,0,3,0.0,1.75,0,0,100,28,362,,,在城市主干道侧风偏大条件下，车辆处于L2级别辅助驾驶状态，相邻车道变道挤压导致需要驾驶员接管，但驾驶员双手脱离方向盘，未能成功接管，发生DRIVER_TAKEOVER_FAIL事件，等级MEDIUM。,驾驶员在需要接管时双手脱离方向盘，未能及时响应接管请求。,
B_D0,cloud_experiment_results_B_D0_20260518_211554Z.json,33,EXP-20260518-034,接管后方向修正过量,DRIVER_TAKEOVER_FAIL,LOW,B,D0,True,6,0,0.0,系统,驾驶员,False,0,4,0.0,1.75,0,0,57,12,241,,,在长下坡接弯且有雾的路段，路面存在抛洒物，自动驾驶处于L2_ASSIST状态。驾驶员接管后方向修正过量，导致事故。,驾驶员接管后方向修正过量,
B_D0,cloud_experiment_results_B_D0_20260518_211554Z.json,34,EXP-20260518-035,L3 降级时驾驶员未响应,DRIVER_TAKEOVER_FAIL,LOW,B,D0,True,6,0,0.0,驾驶员,驾驶员,True,0,4,0.0,1.75,0,0,59,14,299,,,L3降级时驾驶员未响应，自动驾驶辅助状态L2_ASSIST，发生在城市主干道，侧风偏大，有路面抛洒物，严重程度LOW。,驾驶员未能及时接管车辆控制权,
B_D0,cloud_experiment_results_B_D0_20260518_211554Z.json,35,EXP-20260518-036,拥堵跟车系统退出未制动,DRIVER_TAKEOVER_FAIL,LOW,B,D0,True,6,0,0.0,系统,驾驶员,False,0,4,0.0,1.35,0,0,11,20,264,,,拥堵跟车系统退出未制动,系统退出时未及时制动，驾驶员未能成功接管,
B_D0,cloud_experiment_results_B_D0_20260518_211554Z.json,36,EXP-20260518-037,驾驶员误踩加速踏板,DRIVER_TAKEOVER_FAIL,HIGH,B,D0,True,6,0,0.0,系统,驾驶员,False,0,3,0.0,1.35,0,0,44,9,210,,,在施工借道段（多云）自动驾驶状态下，因前车急刹制动灯亮起，驾驶员误踩加速踏板导致接管失败,驾驶员误踩加速踏板,
B_D0,cloud_experiment_results_B_D0_20260518_211554Z.json,37,EXP-20260518-038,团雾突发能见度骤降,ENVIRONMENT_DISTURB,HIGH,B,D0,True,6,0,0.0,驾驶员,环境,False,1,4,0.25,1.35,0,0,9,36,250,"weather疑似矛盾: expected=小雨, mentioned=['雨', '雾']",,团雾突发能见度骤降,隧道入口处突发团雾导致能见度极低，叠加小雨影响，同时有行人突然横穿道路。,
B_D0,cloud_experiment_results_B_D0_20260518_211554Z.json,38,EXP-20260518-039,路面结冰侧滑,ENVIRONMENT_DISTURB,LOW,B,D0,True,6,0,0.0,驾驶员,环境,False,0,5,0.0,1.35,0,0,32,4,205,,,长下坡接弯路段，有雾，路面结冰，且前方有慢车占道，导致车辆侧滑。,路面结冰,
B_D0,cloud_experiment_results_B_D0_20260518_211554Z.json,39,EXP-20260518-040,强光逆光相机失效,ENVIRONMENT_DISTURB,HIGH,B,D0,True,6,0,0.0,驾驶员,系统,False,0,5,0.0,1.35,0,0,8,24,232,,,强光逆光相机失效,强光逆光导致相机感知失效，无法正确识别前车制动灯,
B_D0,cloud_experiment_results_B_D0_20260518_211554Z.json,40,EXP-20260518-041,横风高架桥面偏移,ENVIRONMENT_DISTURB,MEDIUM,B,D0,True,6,0,0.0,驾驶员,环境,False,1,4,0.25,1.75,0,0,66,39,356,"weather疑似矛盾: expected=大雨, mentioned=['雨']",,横风高架桥面偏移事故：在快速路大雨环境下，自动驾驶车辆遭遇横风导致桥面偏移，同时受相邻车道变道挤压，引发中等严重程度的环境干扰事故。,横风与湿滑路面共同作用，加上相邻车辆变道挤压，导致车辆在高架桥面发生横向偏移。,
B_D0,cloud_experiment_results_B_D0_20260518_211554Z.json,41,EXP-20260518-042,积水水滑,ENVIRONMENT_DISTURB,HIGH,B,D0,True,6,0,0.0,驾驶员,系统,False,0,2,0.0,1.75,0,0,60,35,233,,,在城市主干道（多云）自动驾驶状态下，因前方车辆急刹导致制动灯亮起，本车在积水路面发生水滑，造成环境干扰事故，严重程度高。,积水路面导致轮胎与地面附着力降低，叠加前车急刹触发制动，车辆失控水滑。,
B_D0,cloud_experiment_results_B_D0_20260518_211554Z.json,42,EXP-20260518-043,夜间无照明行人横穿,ENVIRONMENT_DISTURB,MEDIUM,B,D0,True,6,0,0.0,驾驶员,环境,False,1,4,0.25,1.35,0,0,32,20,209,"weather疑似矛盾: expected=大雨, mentioned=['雨', '夜间']",,夜间无照明行人横穿，快速路大雨，前方车辆减速未打灯，自动驾驶状态,前方车辆减速未打灯，行人横穿导致环境干扰,
B_D0,cloud_experiment_results_B_D0_20260518_211554Z.json,43,EXP-20260518-044,人-车-路-环境多因素叠加,MULTI_FACTOR,MEDIUM,B,D0,True,6,0,0.0,驾驶员,环境,False,0,5,0.0,1.35,0,0,25,24,296,,,人-车-路-环境多因素叠加导致高架匝道汇流冲突事故,多因素叠加：驾驶人、车辆、道路及环境条件共同作用,
B_D0,cloud_experiment_results_B_D0_20260518_211554Z.json,44,EXP-20260518-045,施工改道+感知降级+驾驶员分心,MULTI_FACTOR,MEDIUM,B,D0,True,6,0,0.0,驾驶员,系统,False,1,3,0.3333,2.15,0,0,66,45,265,"weather疑似矛盾: expected=冰雪, mentioned=['雪']",,在冰雪覆盖的快速路上，因施工改道导致车道变更，叠加感知系统降级，驾驶员分心未及时应对，在匝道汇流处发生冲突，事故等级为MEDIUM。,施工改道与冰雪环境导致道路条件复杂，感知系统降级未能提供有效预警，驾驶员分心未能及时干预。,
B_D0,cloud_experiment_results_B_D0_20260518_211554Z.json,45,EXP-20260518-046,恶劣天气+跟车过近+AEB 保守策略,MULTI_FACTOR,MEDIUM,B,D0,True,6,0,0.0,驾驶员,环境,False,1,7,0.1429,2.15,0,0,50,45,328,"weather疑似矛盾: expected=大雨, mentioned=['雨']",,在城市主干道大雨天气下，车辆跟车过近，且AEB（自动紧急制动）策略过于保守，导致与前方慢车发生碰撞。,恶劣天气（大雨）导致视野受限，驾驶员跟车距离过近，AEB系统在保守策略下未能及时有效制动。,
B_D0,cloud_experiment_results_B_D0_20260518_211554Z.json,46,EXP-20260518-047,匝道+大车遮挡+前车急刹,MULTI_FACTOR,HIGH,B,D0,True,6,0,0.0,驾驶员,环境,False,1,6,0.1667,1.35,0,0,12,25,201,"weather疑似矛盾: expected=小雨, mentioned=['雨']",,匝道+大车遮挡+前车急刹,施工借道段小雨，行人突然横穿，大车遮挡导致前车急刹,
B_D0,cloud_experiment_results_B_D0_20260518_211554Z.json,47,EXP-20260518-048,夜间+眩光+非机动车占道,MULTI_FACTOR,HIGH,B,D0,True,6,0,0.0,驾驶员,系统,False,1,4,0.25,2.15,0,0,83,40,502,"weather疑似矛盾: expected=晴, mentioned=['夜间']",,夜间施工借道段，因对向车辆眩光干扰，驾驶员未及时发现前方非机动车占道，加之L2辅助驾驶系统对静止障碍物识别延迟，前车急刹时制动灯亮起但本车未能有效避让，导致追尾事故。,夜间眩光导致的驾驶员视觉盲区与L2系统对非机动车等异形障碍物的感知局限共同作用。,
B_D0,cloud_experiment_results_B_D0_20260518_211554Z.json,48,EXP-20260518-049,系统提示弱+环境复杂+接管犹豫,MULTI_FACTOR,HIGH,B,D0,True,6,0,0.0,驾驶员,驾驶员,True,0,5,0.0,1.35,0,0,15,25,275,,,系统提示弱+环境复杂+接管犹豫,系统提示弱、环境复杂以及驾驶员接管犹豫共同导致事故,
B_D0,cloud_experiment_results_B_D0_20260518_211554Z.json,49,EXP-20260518-050,多车交互+信号延迟+制动不足,MULTI_FACTOR,HIGH,B,D0,True,6,0,0.0,驾驶员,驾驶员,True,1,6,0.1667,1.35,0,0,43,14,311,"weather疑似矛盾: expected=小雨, mentioned=['雨']",,多车交互过程中，前车急刹制动灯亮起，由于信号延迟导致本车制动不足，发生追尾或碰撞风险。,多车交互、信号延迟、制动不足,
C_D0,cloud_experiment_results_C_D0_20260518_211802Z.json,0,EXP-20260518-001,追尾碰撞（跟车过近）,COLLISION,HIGH,C,D0,True,6,6,1.0,驾驶员,驾驶员,True,0,8,0.0,5.0,6,5,135,103,2002,,,L2级辅助驾驶车辆在雾天隧道入口追尾未完全封闭的施工区域障碍物。主要风险包括驾驶员反应迟缓（888ms）、制动上升缓慢（412ms）、AEB介入较晚（-775ms），以及环境雾天能见度低和施工警示不足。事故等级HIGH，责任倾向驾驶员为主（61%），系统次之（25%）。,主因：驾驶员反应时间过长（888ms）且制动操作迟缓（制动上升412ms），导致制动效能不足。次因：AEB介入延迟（-775ms）且系统未触发紧急换道；环境雾天降低感知距离，施工区域未完全封闭形成突发障碍。,事故前4.2秒开始制动，但前2.5秒制动踏板仅36%-72%，减速度低，制动效能不足 | 驾驶员反应时间888ms（>800ms建议值），制动上升时间412ms，显示反应迟缓 | AEB碰撞前775ms介入，但峰值减速度仅-1.8 m/s²（端侧信号），而遥测显示-770ms时达到-10.62 m/s² | 事故前3s均速25.8km/h，减速后速度仍较高 | 环境雾天、隧道入口、施工区域未封闭完全，构成复杂场景 | 转向角在-1600ms出现较大波动（3.4°→-3.1°），表明有避让意图但未成功
C_D0,cloud_experiment_results_C_D0_20260518_211802Z.json,1,EXP-20260518-002,侧向刮擦（变道冲突）,COLLISION,HIGH,C,D0,True,6,5,0.8333,驾驶员,驾驶员,True,1,9,0.1111,5.0,6,5,104,71,1443,"severity疑似矛盾: expected=HIGH, mentioned=['LOW', 'MEDIUM']",,城市主干道晴好天气下，本车因前车急刹制动灯亮起而追尾碰撞。驾驶员反应时间长达1299ms，显著增加风险；AEB在碰撞前361ms介入，制动强度高但仍无法避免。责任主要归于驾驶员（71%），系统与环境因素次之。,主因为驾驶员反应时间过长（1299ms），导致制动起始过晚；次因为AEB介入延迟（-361ms），未能及时补充制动，且前车急刹为突发环境干扰。,反应时间1299ms，高于1200ms安全阈值 | 制动上升时间365ms，制动果断 | AEB介入延迟-361ms，制动生效晚 | 峰值减速度-1.8m/s²（计算值），但遥测显示实际减速度达-11.05m/s² | 碰撞前3秒均速35.8km/h，初始车速74.5km/h | 最大转向角7.4°，表明驾驶员有轻微避让动作
C_D0,cloud_experiment_results_C_D0_20260518_211802Z.json,2,EXP-20260518-003,静止障碍碰撞,COLLISION,LOW,C,D0,True,6,5,0.8333,驾驶员,驾驶员,True,0,9,0.0,5.0,6,5,172,86,1348,,,2026年5月18日，西安高新区城市主干道晴天发生一起低速碰撞事故。本车（手动驾驶）以约74km/h均速行驶，遇慢车占道，驾驶员反应时间783ms，制动上升时间545ms，AEB延迟为负（提前介入），但碰撞前TTC2.41s。事故等级LOW，责任中驾驶员69%最高，次因系统17%与环境14%（车道模糊）。本质为纵向安全距离不足及制动响应偏慢。,主因为驾驶员制动上升过慢（545ms，踏板20%→80%），导致制动生效延迟；次因为车道标线模糊，可能影响驾驶员对慢车占道的早期识别，叠加环境因素（慢车占道）增加碰撞风险。,碰撞前783ms驾驶员开始反应，制动上升545ms踏板才达80%。 | AEB在驾驶员制动前293ms已介入，但未能避免碰撞。 | 碰撞前3s均速74km/h，制动平均减速度约-2.5m/s²。 | 车道标线模糊可能影响驾驶员对慢车占道的预判。 | 驾驶员未执行换道操作，最大转向角3.9°。 | 端侧风险模型提示碰撞置信偏高，建议验证证据链一致性。
C_D0,cloud_experiment_results_C_D0_20260518_211802Z.json,3,EXP-20260518-004,倒车碰撞非机动车,COLLISION,LOW,C,D0,True,6,5,0.8333,驾驶员,驾驶员,True,0,8,0.0,5.0,6,5,108,74,1296,,,在成都高新区收费站广场晴天条件下，一辆L2辅助驾驶车辆因驾驶员反应时间偏长（1150ms）导致对路面抛洒物避让不及，碰撞非机动车。主要风险为驾驶员注意力不足及系统AEB虽提前介入但未能完全避免碰撞，事故等级为LOW。,主因为驾驶员反应时间过长（1150ms），导致制动时机偏晚；次因为系统AEB介入时机虽早（-669ms）但制动强度不足，且规划层未触发紧急换道策略。,驾驶员反应时间1150ms（偏长） | 制动上升时间330ms（果断） | AEB系统介入时间-669ms（早于驾驶员） | 制动时TTC 2.39s | 碰撞前速度从73.8km/h降至46.2km/h | 环境为晴天、收费站广场、路面抛洒物
C_D0,cloud_experiment_results_C_D0_20260518_211802Z.json,4,EXP-20260518-005,环岛内连环碰撞,COLLISION,MEDIUM,C,D0,True,6,6,1.0,驾驶员,驾驶员,True,0,8,0.0,5.0,6,5,151,106,1719,,,这是一起发生在南京雨花台区施工借道段的环岛内连环碰撞事故，等级为中等。事故涉及匝道汇流冲突，驾驶员反应时间过长（1334ms）且制动上升缓慢（282ms），系统AEB介入较晚（-634ms），夜间车道线不清等环境因素也增加了风险。责任主要归于驾驶员（68%），系统（22%）和环境（10%）为次要因素。,主因为驾驶员反应时间过长（1334ms）且制动操作迟缓（制动上升时间282ms），未及时采取有效制动；次因为系统AEB介入时机偏晚（碰撞前634ms），以及施工借道段夜间车道线磨损，降低了驾驶员的感知和决策效率。,驾驶员反应时间1334ms，超过1200ms阈值。 | 制动上升时间282ms，制动建立缓慢。 | AEB在碰撞前634ms介入，介入时机较晚。 | 制动时TTC为2.21s，理论时距尚可但实际制动不足。 | 碰撞前3s均速38.6km/h，后续减速梯度增大。 | 环境为晴、施工借道路段、夜间车道线磨损。
C_D0,cloud_experiment_results_C_D0_20260518_211802Z.json,5,EXP-20260518-006,匝道末端减速不及,COLLISION,MEDIUM,C,D0,True,6,6,1.0,驾驶员,驾驶员,True,1,9,0.1111,5.0,6,5,144,82,1575,"weather疑似矛盾: expected=小雨, mentioned=['雨']",,在上海浦东新区隧道入口，小雨天气下，一辆自动驾驶车辆因前方慢车占道而减速不及发生追尾碰撞。主因是驾驶员反应时间过长（1269ms），叠加系统未触发紧急换道、环境湿滑导致制动效率降低。车辆从58.7km/h减速至21.9km/h，但碰撞前约0.3s才达最大制动能力，最终以中等严重程度碰撞。,主因：驾驶员反应时间1269ms显著超过安全阈值，导致制动时机偏晚。次因：系统规划仅请求舒适制动，未启动紧急换道或增强制动；小雨路面反光降低感知精度，制动距离延长。,反应时间1269ms，超过1200ms安全阈值。 | 制动上升时间495ms，制动果断且有效。 | AEB在碰撞前602ms介入，但未单独避免碰撞。 | 制动时TTC为2.94秒，时距偏短。 | 事故前3秒平均速度40.3km/h，后续持续减速。 | 最大制动减速度-6.3m/s²，低于干沥青路面典型值（-8m/s²）。
C_D0,cloud_experiment_results_C_D0_20260518_211802Z.json,6,EXP-20260518-007,隧道内低速追尾,COLLISION,MEDIUM,C,D0,True,6,5,0.8333,驾驶员,驾驶员,True,1,9,0.1111,5.0,6,5,110,86,1338,"weather疑似矛盾: expected=冰雪, mentioned=['雪']",,冰雪快速路低速追尾事故，等级中等。驾驶员反应时间1221ms（过长）且制动上升缓慢532ms，AEB在碰撞前525ms介入但未避免碰撞，行人靠近路缘增加风险。责任倾向驾驶员（68%），系统（22%）和环境（10%）次之。,主因：驾驶员反应时间过长（1221ms）及制动迟缓（上升时间532ms），导致纵向安全距离不足。次因：冰雪路面附着力降低，AEB介入时机偏晚（-525ms）且制动效果有限。,反应时间1221ms，超过1200ms阈值，显著增加碰撞风险。 | 制动上升时间532ms，制动建压缓慢。 | AEB介入时间-525ms（碰撞前525ms）。 | 制动时TTC 2.11秒，时距尚可但未充分利用。 | 碰撞前3秒平均车速31.4km/h，末段减速至15km/h。 | 最大转向角5.3°，未触发紧急换道。
C_D0,cloud_experiment_results_C_D0_20260518_211802Z.json,7,EXP-20260518-008,NOA 异常退出未提示,AUTOPILOT_FAULT,HIGH,C,D0,True,6,6,1.0,系统,系统,True,1,8,0.125,5.0,5,5,106,83,1515,"severity疑似矛盾: expected=HIGH, mentioned=['MEDIUM']",,NOA在园区内部路侧风偏大条件下，因感知层目标跟踪ID切换导致纵向目标丢失120ms，系统触发降级但提示与制动不同步，面对右侧车辆强行切入时，驾驶员反应及时但制动峰值减速度不足，最终发生碰撞，主因是智驾系统异常。,主因：感知层目标跟踪ID切换导致纵向目标丢失120ms，规划层MRM前横向振荡抑制不足，控制层降级提示与制动力建立不同步。次因：侧风偏大和车道线模糊增加感知不确定性。,系统日志记录目标跟踪ID切换导致纵向目标丢失120ms。 | 遥测数据显示制动减速度从-1.8m/s²升至-10.49m/s²，制动踏板开度从36%升至100%。 | 驾驶员反应时间730ms，处于可接受区间。 | AEB介入记录（相对于驾驶员制动-880ms）。 | 车道线置信度波动和侧风环境被记录。
C_D0,cloud_experiment_results_C_D0_20260518_211802Z.json,8,EXP-20260518-009,横向控制振荡诱发偏离,AUTOPILOT_FAULT,LOW,C,D0,True,6,4,0.6667,系统,系统,True,1,8,0.125,5.0,6,5,178,114,1743,"weather疑似矛盾: expected=小雨, mentioned=['雨']",,在西安高新区收费站广场小雨环境下，一辆启用Autopilot的车辆因横向控制振荡导致偏离车道，与偏移施工锥桶发生接触。主因是智驾系统感知层车道线置信度波动及目标跟踪ID切换导致纵向目标短暂丢失（120ms），规划层触发最小风险轨迹重算时横向振荡抑制不足，最终系统降级，驾驶员虽快速制动（650ms反应）但转向干预不充分。事故等级LOW，系统责任占比66%。,主因：智驾系统的横向控制振荡源于感知层车道线置信度波动和目标跟踪ID切换（120ms丢失），导致规划层最小风险轨迹重算时横向力矩与制动协调延迟。次因：驾驶员接管响应时间650ms虽在可接受范围，但未及时进行转向修正，加剧了偏离。,反应时间650ms（遥测标记） | 制动上升时间361ms（踏板20%至80%） | 感知目标ID切换导致120ms丢失（来自决策链） | 横向振荡抑制不足（规划请求重算，控制层力矩延迟） | 环境小雨+施工锥桶偏移 | 端侧风险模型预测AUTOPILOT_FAULT置信高
C_D0,cloud_experiment_results_C_D0_20260518_211802Z.json,9,EXP-20260518-010,感知误检导致误制动,AUTOPILOT_FAULT,HIGH,C,D0,True,6,5,0.8333,系统,系统,True,0,8,0.0,5.0,6,5,134,92,1759,,,高架匝道雾天，前车急刹，智驾系统因感知误检（车道线置信度波动、目标跟踪ID切换致120ms目标丢失）触发MRM，但横向振荡抑制不足且制动协调延迟，导致系统降级后碰撞风险。驾驶员580ms反应可接受，但594ms制动上升过慢，AEB未介入，最终碰撞。系统责任占比58%。,主因：感知层目标跟踪ID切换导致纵向目标丢失120ms，规划层MRM触发前横向振荡抑制不足，控制层制动与转向协调延迟。次因：驾驶员制动上升时间偏长（594ms），环境雾天致车道线模糊。,感知丢失目标120ms（ID切换） | 制动上升时间594ms（踏板20%-80%） | AEB未介入（aebDelayMs=-1） | 峰值减速度后期达-10.65m/s² | 车道线置信度波动且模糊 | 最大转向角8.8°（横向振荡）
C_D0,cloud_experiment_results_C_D0_20260518_211802Z.json,10,EXP-20260518-011,规划轨迹突变,AUTOPILOT_FAULT,HIGH,C,D0,True,6,6,1.0,系统,系统,True,0,7,0.0,5.0,6,5,146,96,1636,,,在浦东新区长下坡接弯的雾天场景中，自动驾驶系统因感知目标跟踪ID切换导致纵向目标丢失120ms，触发最小风险轨迹重算（MRM）但横向振荡抑制不足，同时驾驶员制动上升时间偏长（464ms）且峰值减速度仅-1.8m/s²，最终与非机动车发生碰撞。事故主因是系统决策异常，次因是驾驶员接管响应滞后。,主因：智驾系统感知层目标跟踪ID切换导致纵向目标丢失120ms，规划层MRM横向振荡抑制不足；次因：驾驶员制动踏板上升时间464ms（过长）且峰值减速度不足，接管响应时距虽可但制动力建立缓慢。,反应时间430ms，制动上升时间464ms，峰值减速度-1.8m/s² | AEB介入时间-540ms，制动时TTC 2.89s | 感知目标跟踪ID切换导致纵向目标丢失120ms | 车道线置信度波动；规划MRM横向振荡抑制不足 | 制动踏板从36%升至100%过程中转向角波动（最大5.4°） | 系统降级提示与制动力建立不同步
C_D0,cloud_experiment_results_C_D0_20260518_211802Z.json,11,EXP-20260518-012,传感器融合短时失效,AUTOPILOT_FAULT,HIGH,C,D0,True,6,6,1.0,系统,驾驶员,False,1,8,0.125,5.0,6,5,140,85,1556,"severity疑似矛盾: expected=HIGH, mentioned=['MEDIUM']",,苏州工业园区施工借道段，多云天气下，智驾系统传感器融合短时失效（目标跟踪ID切换导致纵向目标丢失120ms），引发规划请求最小风险轨迹重算，横向振荡抑制不足，制动协调延迟，最终与突然横穿行人发生碰撞。系统降级为主因（70%），驾驶员接管响应为辅（20%），环境因素（10%）为次。,主因：传感器融合短时失效（目标跟踪ID切换导致纵向目标丢失120ms），导致规划重算和控制延迟；次因：驾驶员反应时间525ms虽在可接受区间，但非最优，错失更早干预机会。,传感器融合目标跟踪ID切换导致纵向目标丢失120ms | 制动峰值减速度-1.8m/s²，极强制动 | 驾驶员反应时间525ms，制动上升时间417ms | 制动时TTC 2.96秒，时距尚可 | 系统降级提示与制动力建立不同步 | 事故前3秒平均车速31.7km/h
C_D0,cloud_experiment_results_C_D0_20260518_211802Z.json,12,EXP-20260518-013,接管请求延迟,AUTOPILOT_FAULT,HIGH,C,D0,True,6,6,1.0,系统,驾驶员,False,1,9,0.1111,5.0,6,5,123,96,1257,"weather疑似矛盾: expected=小雨, mentioned=['雨']",,本次事故发生在深圳南山区快速路小雨环境，自动驾驶状态下前车急刹，系统出现AUTOPILOT_FAULT故障，接管请求延迟（938ms），驾驶员制动果断但峰值减速度极大，最终碰撞。主要风险为智驾系统感知异常导致控制协调延迟，叠加驾驶员接管响应偏慢。,主因：智驾系统目标跟踪ID切换导致纵向目标丢失120ms，规划控制协调延迟（横向振荡抑制不足、降级提示与制动力不同步）。次因：驾驶员接管反应时间938ms偏长（＞800ms），注意力状态存疑。,反应时间938ms，大于800ms警戒值 | 目标跟踪ID切换导致纵向目标丢失120ms | 制动上升时间536ms，制动果断 | 峰值减速度-1.8 m/s²，极强制动 | AEB介入-540ms，早于驾驶员 | 车道线模糊（小雨环境）
C_D0,cloud_experiment_results_C_D0_20260518_211802Z.json,13,EXP-20260518-014,前车急刹反应滞后,DRIVER_SLOW_REACTION,LOW,C,D0,True,6,5,0.8333,驾驶员,驾驶员,True,1,9,0.1111,5.0,6,5,146,91,1776,"weather疑似矛盾: expected=多云, mentioned=['夜间']",,该事故发生于北京亦庄高架匝道，多云天气下因前车急刹导致追尾风险。驾驶员反应时间1050ms（偏长），且跟车过近（制动时TTC 1.91s），为主要成因。系统AEB介入延迟-553ms，环境因素包括路面抛洒物和夜间磨损不清的车道线，共同降低了安全余量。事故等级LOW，责任倾向驾驶员（58%）。,主因：驾驶员注意力分散/跟车过近，反应时间1050ms超过建议阈值800ms；次因：系统AEB触发延迟-553ms，且控制策略（舒适性仲裁）限制了制动爬升速率，未能及时补偿人因滞后。,驾驶员反应时间1050ms，超过800ms阈值 | 制动时TTC仅1.91s，跟车过近 | AEB介入延迟-553ms，未及时补位 | 事故前3s平均车速57.9km/h，制动上升时间431ms | 夜间车道线磨损不清，多云天气降低可见度 | 路面抛洒物为突发制动诱因
C_D0,cloud_experiment_results_C_D0_20260518_211802Z.json,14,EXP-20260518-015,夜间眩光下制动偏晚,DRIVER_SLOW_REACTION,HIGH,C,D0,True,6,6,1.0,驾驶员,驾驶员,True,2,8,0.25,5.0,6,5,156,108,1707,"severity疑似矛盾: expected=HIGH, mentioned=['MEDIUM']；weather疑似矛盾: expected=小雨, mentioned=['雨', '夜间']",,2026年5月18日武汉东湖高新区隧道入口发生一起夜间小雨环境下的驾驶员反应迟缓事故。行人突然横穿，驾驶员制动反应时间高达1456ms（超限），制动上升时间596ms，峰值减速度-1.8m/s²，系统AEB介入延迟785ms，最终导致碰撞。主要风险为驾驶员注意力分散及跟车过近，次要因素为系统反应迟滞与环境不良。,主因：驾驶员反应时间过长（1456ms）且制动上升缓慢（596ms），未能及时建立有效减速度，责任比68%。次因：系统AEB介入延迟（-785ms）及隧道入口小雨夜间环境下视线受阻、车道线磨损，分别占22%和10%。,驾驶员反应时间1456ms，超出安全阈值1200ms，显著增加碰撞风险。 | 制动上升时间596ms，踏板从20%至80%耗时过长，减速度建立缓慢。 | AEB介入比驾驶员制动提前785ms，但TTC为2.12s时仍未能避免碰撞。 | 事故前3s平均车速33km/h，表明已大幅减速，但初始车速71.2km/h过快。 | 环境条件：夜间小雨、隧道入口、车道线磨损，降低可行驶性。 | 责任分析显示驾驶员68%责任，系统22%，环境10%。
C_D0,cloud_experiment_results_C_D0_20260518_211802Z.json,15,EXP-20260518-016,分心使用手机,DRIVER_SLOW_REACTION,LOW,C,D0,True,6,5,0.8333,驾驶员,驾驶员,True,0,8,0.0,5.0,6,4,123,76,1615,,,在苏州工业园区收费站广场，多云天气下，一例LOW等级事故因驾驶员分心（推测使用手机）导致制动反应延迟1309ms，结合制动上升慢（318ms），与前方慢车占道发生危险接近。系统AEB介入滞后432ms，碰撞风险最终由驾驶员反应不足和跟车过近主导。,主因为驾驶员注意力分散致制动反应时间过长（1309ms）且制动上升缓慢；次因为系统舒适性控制与AEB仲裁导致制动请求爬升速率受限，未有效补偿驾驶员延迟。,反应时间1309ms超过1200ms安全阈值 | 制动上升时间318ms表明踏板响应迟缓 | AEB介入时间-432ms滞后于理想时机 | 制动时TTC=2.65s，时距尚可但制动效能不足 | 事故前3s平均车速49.0km/h，减速度逐步增大 | 驾驶员无明确接管请求，系统判定DRIVER_SLOW_REACTION
C_D0,cloud_experiment_results_C_D0_20260518_211802Z.json,16,EXP-20260518-017,跟车距离过近,DRIVER_SLOW_REACTION,MEDIUM,C,D0,True,6,4,0.6667,驾驶员,驾驶员,True,0,8,0.0,5.0,6,5,134,81,1419,,,一起发生在杭州滨江区收费站广场雾天的近距离跟车事故。驾驶员反应延迟814ms，跟车过近，前车减速未打灯，导致中等严重度碰撞风险。系统AEB提前761ms介入，但驾驶员制动时TTC为3.08s，制动果断。责任偏向驾驶员（58%），次要归于系统（30%）和环境（12%）。,主因为驾驶员反应不足（814ms）和跟车距离过近；次因为环境因素（雾天、雨天反光、前车未打灯）及系统目标时距振荡（1.24s），AEB虽提前触发但未完全避免风险。,驾驶员反应时间814ms，超过800ms安全阈值 | 制动上升时间547ms，制动动作果断 | 系统AEB提前761ms介入 | 制动时TTC为3.08s，时距尚可 | 事故前3秒均速55.1km/h | 环境因素：雾、雨天反光、前车未打灯
C_D0,cloud_experiment_results_C_D0_20260518_211802Z.json,17,EXP-20260518-018,雨雾视距不足仍高速接近,DRIVER_SLOW_REACTION,MEDIUM,C,D0,True,6,5,0.8333,驾驶员,驾驶员,True,0,9,0.0,5.0,6,5,138,103,1720,,,在南京雨花台区施工借道段的雾天环境下，驾驶员以约34.4km/h均速行驶，因制动反应时间长达1317ms且制动上升缓慢（297ms），导致与偏移施工锥桶发生碰撞。系统L2级辅助驾驶的AEB虽提前176ms介入但仍未能避免事故，责任主要归于驾驶员（77%），系统与环境因素次要。,主因：驾驶员注意力分散或跟车过近导致的制动反应延迟（1317ms）及制动上升过慢（297ms），使制动效果不足。次因：浓雾降低视距，施工借道段锥桶偏移增加场景复杂度，系统AEB仲裁受舒适性约束介入时机稍晚。,制动反应时间1317ms超出1200ms安全阈值，显著增加碰撞风险。 | 制动上升时间297ms（踏板20%→80%）表明制动力建立缓慢。 | AEB在驾驶员制动前176ms介入（aebDelayMs=-176），但未完全避免碰撞。 | 事故前3秒均速34.4km/h，制动时TTC为2.81s，时距充足但制动效果不足。 | 环境为浓雾施工借道段，施工锥桶偏移属于动态障碍。 | 端侧风险模型标记为DRIVER_SLOW_REACTION，置信度偏高。
C_D0,cloud_experiment_results_C_D0_20260518_211802Z.json,18,EXP-20260518-019,匝道汇流未预留时距,DRIVER_SLOW_REACTION,HIGH,C,D0,True,6,6,1.0,驾驶员,驾驶员,True,0,8,0.0,5.0,6,5,132,79,1525,,,2026年5月18日西安高新区城市主干道晴天发生追尾事故。驾驶员在L2辅助驾驶下对静止排队车龙反应迟缓（894ms），制动上升缓慢（628ms），峰值减速度仅-1.8m/s²，导致碰撞。系统AEB介入延迟-493ms，责任分配驾驶员64%、系统26%、环境10%。,主因：驾驶员注意力分散或跟车过近，制动反应时间偏长且制动效能不足。次因：系统AEB介入时机晚，舒适性与安全仲裁导致制动请求爬升慢，未能及时补足驾驶员反应缺陷。,驾驶员反应时间894ms，超过800ms阈值。 | 制动上升时间628ms，表示制动执行迟缓。 | 峰值减速度仅-1.8m/s²，但事件后段减速度达-9.97m/s²，表明未全力持续制动。 | AEB介入时刻-493ms，时距TTC=1.92s。 | 事故前3s平均车速41.8km/h，初始车速81.3km/h，制动距离足够但效果不佳。 | 环境条件：晴天、路面反光，可能影响驾驶员对前方静止车流的识别。
C_D0,cloud_experiment_results_C_D0_20260518_211802Z.json,19,EXP-20260518-020,AEB 触发过晚,AEB_DELAY_OR_MISS,HIGH,C,D0,True,6,6,1.0,系统,系统,True,0,6,0.0,5.0,6,5,172,102,1269,,,在长下坡接弯路段且车道标线模糊、多云条件下，前车急刹且制动灯亮起，本车驾驶员636ms后开始制动，制动上升时间535ms，峰值减速度-1.8m/s²（输入标注为极强制动），AEB在驾驶员制动后320ms介入（aebDelayMs=-320），导致碰撞风险。责任分配系统47%、驾驶员41%、环境12%，主因为AEB触发延迟与驾驶员制动强度不足。,主因：系统AEB仲裁策略在长下坡接弯场景下触发延迟（-320ms），未能及时辅助制动；次因：驾驶员反应时间虽可接受（636ms），但制动峰值减速度仅-1.8m/s²，在未获AEB及时辅助下不足以避免碰撞。,驾驶员反应时间636ms | 制动上升时间535ms | AEB延迟-320ms | 制动时TTC=2.43s | 峰值减速度-1.8m/s² | 环境：长下坡接弯、车道模糊、多云
C_D0,cloud_experiment_results_C_D0_20260518_211802Z.json,20,EXP-20260518-021,静态目标未识别,AEB_DELAY_OR_MISS,HIGH,C,D0,True,6,6,1.0,系统,系统,True,2,9,0.2222,5.0,6,5,175,111,1464,"severity疑似矛盾: expected=HIGH, mentioned=['LOW']；weather疑似矛盾: expected=冰雪, mentioned=['雨', '雪']",,2026年5月18日北京亦庄城市主干道冰雪路面，车辆在手动驾驶状态下遭遇未完全封闭施工区域。AEB触发偏晚（-1450ms），驾驶员反应时间956ms偏长，制动强度达-9.7m/s²但已无法避免碰撞。系统与驾驶员共同承担责任（系统48%，驾驶员43%），环境因素占9%。事故本质为冰雪环境下动态目标与静态障碍物感知融合不足，叠加驾驶员注意力响应延迟。,主因：系统感知融合模块对冰雪环境下未完全封闭施工区域识别延迟，目标风险权重上调不足，导致AEB触发偏晚。次因：驾驶员反应时间956ms超过推荐阈值（800ms），注意力分配不当。环境冰雪与施工区域反光进一步降低感知可靠性。,驾驶员反应时间956ms（>800ms），注意力状态存疑 | AEB触发时刻-1450ms，晚于驾驶员制动时刻 | 制动峰值减速度-9.7m/s²（碰撞级），但制动上升时间358ms合理 | 事故前3s平均车速36.3km/h，制动时TTC=2.25s | 施工区域未封闭完全，环境冰雪+雨天反光 | 系统感知融合对静态施工区域风险权重不足
C_D0,cloud_experiment_results_C_D0_20260518_211802Z.json,21,EXP-20260518-022,FCW 报警后 AEB 未跟进,AEB_DELAY_OR_MISS,MEDIUM,C,D0,True,6,5,0.8333,系统,驾驶员,False,2,8,0.25,5.0,6,5,133,72,1446,"severity疑似矛盾: expected=MEDIUM, mentioned=['LOW']；weather疑似矛盾: expected=冰雪, mentioned=['雪']",,冰雪长下坡弯道中，施工锥桶偏移触发FCW，但AEB因舒适性仲裁未执行硬制动，驾驶员果断介入制动（反应626ms，制动上升429ms），受路面摩擦系数降低影响，车辆仍以约15km/h轻微碰撞锥桶。系统与驾驶员共同责任，主要风险为特殊环境下AEB策略与舒适性控制的冲突。,主因：系统AEB请求（早于驾驶员制动950ms）被舒适性仲裁抑制，未能及时执行制动；次因：冰雪路面制动距离增加，驾驶员制动后残余速度仍导致碰撞。,FCW报警后AEB未跟进，里程较短且舒适性仲裁活跃。 | 驾驶员反应时间626ms，制动上升时间429ms，制动最大百分比76%。 | 环境冰雪、长下坡接弯、施工锥桶偏移。 | 遥测显示车速从50.5km/h降至15km/h，减速度最大-6.3m/s²。 | AEB请求比驾驶员制动早950ms（aebDelayMs=-950），但实际未触发制动。 | 系统责任占比54%，驾驶员36%，环境10%。
C_D0,cloud_experiment_results_C_D0_20260518_211802Z.json,22,EXP-20260518-023,低速行人场景漏检,AEB_DELAY_OR_MISS,HIGH,C,D0,True,6,6,1.0,系统,环境,False,1,8,0.125,5.0,6,5,133,117,1861,"weather疑似矛盾: expected=多云, mentioned=['晴', '夜间']",,在西安高新区城市主干道多天气下，一辆处于手动驾驶状态的车辆因AEB系统对占道外卖非机动车漏检或延迟触发，导致碰撞风险。系统责任54%，驾驶员责任36%，环境因素占10%。事故涉及低速行人场景，AEB介入偏晚，制动爬升率受限，规划层目标时距振荡，最终未能完全避免碰撞。,主因：AEB系统对非机动车占道的风险权重上调不足，制动请求爬升速率受舒适性约束，导致AEB介入延迟（-680ms）且减速度未达预期。次因：驾驶员反应时间786ms虽可接受，但初始制动强度不足，叠加夜间车道线磨损影响感知，共同导致碰撞。,事故前7个时间点遥测数据：速度从87.1km/h降至14.4km/h，制动从36%增至100%。 | 反应时间786ms，制动上升时间513ms，均属可接受范围。 | AEB介入时间-680ms（碰撞前），但制动减速度峰值仅-1.8m/s²。 | 制动时TTC 2.98s，表明制动时机较晚。 | 系统责任54%，驾驶员责任36%，环境10%。 | 环境：多云，车道线夜间磨损不清，障碍物为外卖非机动车占道。
C_D0,cloud_experiment_results_C_D0_20260518_211802Z.json,23,EXP-20260518-024,施工区域未减速,AEB_DELAY_OR_MISS,HIGH,C,D0,True,6,6,1.0,系统,系统,True,0,7,0.0,5.0,6,5,129,100,1286,,,事故发生于成都高新区园区内部路，自动驾驶状态下行人横穿，AEB触发偏晚（延迟950ms），系统与驾驶员共同责任（系统48%，驾驶员43%），制动峰值减速度-1.8m/s²，但反应时间偏长（879ms）且制动上升时间456ms，最高制动100%但未能避免碰撞。,主因：AEB介入偏晚（延迟950ms）且驾驶员反应时间偏长（879ms），导致制动时TTC仅2.16s，峰值减速度不足以避免碰撞。次因：施工临时标线可能影响感知，行人突然横穿场景风险权重上调不够及时。,AEB介入时刻为-950ms，相对碰撞前较晚。 | 驾驶员反应时间879ms，超过800ms阈值。 | 制动峰值减速度-1.8m/s²，属于极强制动。 | TTC at brake为2.16s，时距尚可但不足。 | 责任分析显示系统48%责任，驾驶员43%。 | 环境包含施工临时标线，可能影响感知。
C_D0,cloud_experiment_results_C_D0_20260518_211802Z.json,24,EXP-20260518-025,相邻车道侵入未抑制,AEB_DELAY_OR_MISS,HIGH,C,D0,True,6,5,0.8333,驾驶员,驾驶员,True,0,6,0.0,5.0,5,5,187,81,1576,,,该事件为相邻车道侵入未抑制导致的AEB延迟/未触发，发生在武汉东湖高新区收费站广场。前车急刹时，自车反应时间897ms（偏长），制动上升时间619ms（缓慢），峰值减速度仅-1.8m/s²（碰撞级），AEB介入滞后320ms。责任倾向于驾驶员与系统共同责任（54% vs 37%），环境因素占9%。本质风险：驾驶员反应延迟叠加系统制动舒适性与AEB仲裁折中导致碰撞无法避免。,主因：驾驶员反应时间过长（897ms），未及时采取有效制动；次因：AEB系统制动请求爬升速率受舒适性限制，且介入点偏晚（滞后320ms），无法弥补驾驶员反应滞后。,1. 反应时间897ms（>800ms）提示驾驶员响应延迟。 | 2. 制动上升时间619ms，制动建立缓慢。 | 3. AEB介入滞后320ms，且介入时TTC为3.15s，但仍未避免碰撞。 | 4. 责任分析中峰值减速度-1.8m/s²，但遥测显示-9.88m/s²，数据不一致需核实。 | 5. 车道线模糊可能影响传感器对前车距离和制动灯亮的感知。
C_D0,cloud_experiment_results_C_D0_20260518_211802Z.json,25,EXP-20260518-026,拥堵跟车时距 <1.2s,TTC_LOW_RISK,HIGH,C,D0,True,6,5,0.8333,驾驶员,驾驶员,True,0,8,0.0,5.0,6,5,162,112,1865,,,本次事故为城市主干道拥堵跟车场景下因驾驶员制动迟缓且AEB介入较晚导致的高风险追尾事件。主要风险包括跟车时距不足（TTC=1.27s）、制动踏板上升缓慢（343ms）以及系统AEB延迟（相对制动-152ms），最终依靠峰值-10.66m/s²的强制动在碰撞前将车速降至14.8km/h，属于未实际碰撞但严重度极高的危险事件。,主因：驾驶员制动上升时间过长（343ms），导致制动效能建立滞后，在1.27s TTC下无法快速减速度。次因：系统AEB介入时机晚于驾驶员制动152ms，未及时弥补制动不足；同时跟车时距持续低于安全阈值，相对速度未充分消化。,反应时间778ms，处于可接受区间。 | 制动上升时间343ms，明显缓慢。 | 峰值减速度-10.66m/s²，属于极强制动。 | AEB介入相对制动延迟152ms。 | 制动时TTC估算1.27s，跟车时距不足。 | 前车急刹制动灯亮起，环境风险明确。
C_D0,cloud_experiment_results_C_D0_20260518_211802Z.json,26,EXP-20260518-027,cut-in 后 TTC 骤降,TTC_LOW_RISK,LOW,C,D0,True,6,6,1.0,驾驶员,驾驶员,True,0,8,0.0,5.0,6,5,141,118,1452,,,本起事故发生于北京亦庄快速路雾天，因前车切入导致本车跟车时距骤降，系统与驾驶员共同响应。主要风险包括驾驶员反应时间偏长（931ms）致使TTC降至1.21s时触发强制动，以及系统AEB在舒适性仲裁下制动强度不足，环境雾天进一步降低感知可靠性。事故严重度为LOW，但反映人机协作瓶颈。,主因为驾驶员反应时间过长（931ms>800ms），未能及时减速；次因是系统在感知切车后风险权重调整不充分，且AEB介入虽早（-538ms）但制动力度受舒适性限制，导致TTC仍在高风险区间。环境雾天降低了毫米波雷达与摄像头融合的置信度。,反应时间931ms，超过800ms注意力预警阈值 | 制动时TTC仅1.21s，属于高风险跟车状态 | AEB较驾驶员提前538ms介入，但制动力度不足 | 最大转向角8.8°，表明有轻微避让动作 | 环境为雾天快速路，感知条件受限 | 施工锥桶偏移增加了场景复杂度
C_D0,cloud_experiment_results_C_D0_20260518_211802Z.json,27,EXP-20260518-028,下坡车速过快导致 TTC 不足,TTC_LOW_RISK,HIGH,C,D0,True,6,6,1.0,驾驶员,驾驶员,True,0,10,0.0,5.0,6,5,127,95,1455,,,苏州工业园区快速路下坡段，驾驶员手动驾驶中因跟车时距不足（TTC=1.43s）且反应时间偏长（833ms），触发TTC_LOW_RISK高风险事件。施工区域未完全封闭及系统AEB介入延迟（-548ms）共同导致制动效能不足，责任倾向驾驶员与系统共同承担。,主因：驾驶员跟车时距过低且反应时间超过800ms，未能及时有效减速；次因：施工区域未封闭完全增加风险，系统AEB介入延迟且制动请求爬升受舒适性仲裁影响，导致峰值减速度虽高但未能完全避免碰撞。,驾驶员反应时间833ms，超过800ms注意力关注阈值 | 制动上升时间523ms，表明制动操作果断 | 峰值减速度-1.8m/s²，达到AEB碰撞级制动 | AEB介入时间-548ms，晚于驾驶员制动动作 | 事故前3s均速46.4km/h，从86.7km/h减速而来 | 施工区域未封闭完全，增加环境风险
C_D0,cloud_experiment_results_C_D0_20260518_211802Z.json,28,EXP-20260518-029,弯道出口前车减速,TTC_LOW_RISK,MEDIUM,C,D0,True,6,5,0.8333,驾驶员,驾驶员,True,1,8,0.125,5.0,6,5,115,77,1458,"weather疑似矛盾: expected=小雨, mentioned=['雨']",,广州黄埔区高架匝道小雨天气下，前车减速未打灯导致跟车时距不足，驾驶员反应时间偏长（877ms）且制动时TTC仅1.08s，系统AEB提前-364ms介入，但风险等级仍为MEDIUM。事件暴露驾驶员注意力与系统舒适性仲裁的协同缺陷。,主因为驾驶员跟车时距不足且反应时间超过800ms阈值；次因为系统规划目标时距振荡（1.36s）且制动请求爬升受舒适性限制，前车未打灯进一步增加了预测难度。,反应时间877ms（>800ms阈值） | 制动时TTC 1.08s（风险极高） | 前车减速未打灯（环境因素） | 小雨高架匝道（降低附着力） | 制动上升时间474ms（制动果断） | AEB提前-364ms介入（系统提前反应）
C_D0,cloud_experiment_results_C_D0_20260518_211802Z.json,29,EXP-20260518-030,绿灯起步抢行导致 TTC 不足,TTC_LOW_RISK,MEDIUM,C,D0,True,6,4,0.6667,驾驶员,驾驶员,True,2,9,0.2222,5.0,5,5,146,91,1202,"severity疑似矛盾: expected=MEDIUM, mentioned=['LOW']；weather疑似矛盾: expected=小雨, mentioned=['雨', '夜间']",,事故发生在成都高新区收费站广场，小雨天气，夜间车道线磨损。自动驾驶状态下，车辆绿灯起步后跟车时距持续不足，遇行人靠近路缘时触发TTC低风险告警。驾驶员反应时间736ms，制动果断，AEB提前247ms介入，但制动时TTC仅1.08s，风险极高。责任分配：驾驶员68%、系统18%、环境14%。,主因：驾驶员起步后跟车时距过短，未充分消化相对速度，导致制动时TTC仅1.08s。次因：收费站广场场景下行人靠近路缘，系统风险权重上调但未及时降速；夜间磨损的车道线可能削弱感知精度。,制动时TTC仅1.08s，远低于安全阈值。 | 反应时间736ms，制动上升时间388ms，制动果断。 | AEB提前247ms介入。 | 事故前3s均速71.6km/h，与收费站限速对比偏高。 | 环境因素：小雨、夜间车道线磨损、行人靠近路缘。
C_D0,cloud_experiment_results_C_D0_20260518_211802Z.json,30,EXP-20260518-031,大车遮挡后突然出现的慢车,TTC_LOW_RISK,HIGH,C,D0,True,6,6,1.0,驾驶员,驾驶员,True,1,10,0.1,5.0,6,5,159,103,1665,"weather疑似矛盾: expected=小雨, mentioned=['雨']",,广州黄埔区高架匝道小雨天气下，因大车遮挡导致前车急刹突然出现，触发TTC_LOW_RISK高风险事件。驾驶员反应时间688ms可接受，但制动上升时间过长（471ms），峰值减速度达-11.39m/s²，AEB介入较晚（-469ms），制动时TTC仅0.75s。责任倾向驾驶员与系统共同责任（驾驶员63%，系统26%）。,主因：驾驶员制动上升时间过长（471ms）导致制动介入迟缓，未能及时消化相对速度。次因：系统AEB介入延迟（-469ms）且制动请求爬升受舒适性仲裁影响，目标时距振荡（1.32s），未能提供足够减速度补偿。,驾驶员反应时间688ms（可接受区间），但制动上升时间471ms（过长） | AEB介入时点为-469ms（较早但制动生效迟缓） | 制动时刻TTC仅0.75s（远低于安全阈值） | 峰值减速度-11.39m/s²（碰撞级制动） | 事故前3s均速29.9km/h，初始车速67.7km/h | 前车急刹制动灯亮起，但大车遮挡导致突然出现
C_D0,cloud_experiment_results_C_D0_20260518_211802Z.json,31,EXP-20260518-032,系统请求接管后 5s 内未接管,DRIVER_TAKEOVER_FAIL,HIGH,C,D0,True,6,5,0.8333,系统,系统,True,1,9,0.1111,5.0,6,5,157,70,1429,"severity疑似矛盾: expected=HIGH, mentioned=['MEDIUM']",,这是一起L3级自动驾驶系统请求接管后驾驶员未及时接管导致与前车碰撞的事故。主要风险包括驾驶员反应时间1173ms（偏长）、系统责任占比50%、环境因素（车道标记模糊）增加不确定性。事故发生在南京雨花台区城市主干道，天气晴朗，前车急刹制动灯亮起。端侧风险模型标记为DRIVER_TAKEOVER_FAIL，置信偏高。,主因：驾驶员接管不足，反应时间1173ms超过800ms安全阈值。次因：系统接管请求时机或HMI设计可能不足，且车道标记模糊影响感知稳定性。,驾驶员反应时间1173ms，超过800ms阈值。 | 制动上升时间309ms，制动果断。 | 峰值减速度-1.8 m/s²（责任分析中）。 | 系统责任50%，高于驾驶员39%。 | 车道标记模糊。 | 最大转向角8.7度。
C_D0,cloud_experiment_results_C_D0_20260518_211802Z.json,32,EXP-20260518-033,双手脱离方向盘,DRIVER_TAKEOVER_FAIL,MEDIUM,C,D0,True,6,5,0.8333,系统,驾驶员,False,1,7,0.1429,5.0,6,5,119,100,1769,"weather疑似矛盾: expected=侧风偏大, mentioned=['雨', '夜间']",,南京雨花台区城市主干道发生L2级辅助驾驶事故，驾驶员接管失败。事件本质为驾驶员在系统请求接管后反应时间过长（1454ms），叠加夜间车道线磨损、侧风偏大及邻车变道挤压，导致碰撞风险。主要风险在于驾驶员注意力不足与系统接管请求响应机制失效。,主因：驾驶员接管反应时间1454ms（超过1200ms阈值），未能及时握盘并控制车辆。次因：系统规划请求接管后风险最小化减速不足，AEB虽提前介入但制动减速度可能未达最优，且侧风与环境干扰加剧了失控。,驾驶员反应时间1454ms，远超1200ms阈值，直接证明接管延迟。 | 制动上升时间399ms，表明制动动作果断，与反应长形成对比。 | AEB提前586ms介入，说明系统先于驾驶员识别风险。 | 制动时TTC 2.14s，时距尚可但未避免碰撞，反映制动强度或时机不足。 | 事故前3s均速39.8km/h，最后遥测速度21.4km/h，减速趋势持续但未归零。 | 责任分配中系统占比49%，接近驾驶员，表明系统规划或控制存在改进空间。
C_D0,cloud_experiment_results_C_D0_20260518_211802Z.json,33,EXP-20260518-034,接管后方向修正过量,DRIVER_TAKEOVER_FAIL,LOW,C,D0,True,6,5,0.8333,系统,驾驶员,False,0,8,0.0,5.0,6,5,124,95,1417,,,在长下坡接弯、有雾和施工临时标线的复杂路段，L2级辅助驾驶系统请求驾驶员接管后，驾驶员反应时间偏长（920ms），接管后方向修正过量（最大转向角4.3°），导致车辆失控。系统责任50%，驾驶员39%，环境11%。主要风险为驾驶员接管延迟与修正不当。,主因：驾驶员反应时间过长（>800ms）且接管后方向盘修正过量；次因：系统在雾天、抛洒物、施工标线环境下请求接管，未提供充分转向柔化或限幅，且AEB提前介入但驾驶员自主操作抵消部分制动效果。,驾驶员反应时间920ms，超过800ms阈值。 | 制动上升时间346ms，制动果断有效。 | AEB提前-214ms触发，TTC为3.07s。 | 事故前2秒内最大转向角4.3°，表明修正过量。 | 系统责任50%，驾驶员39%，环境11%。 | 端侧风险模型预测DRIVER_TAKEOVER_FAIL置信偏高。
C_D0,cloud_experiment_results_C_D0_20260518_211802Z.json,34,EXP-20260518-035,L3 降级时驾驶员未响应,DRIVER_TAKEOVER_FAIL,LOW,C,D0,True,6,4,0.6667,驾驶员,驾驶员,True,0,8,0.0,5.0,6,5,136,79,1507,,,本次事件为L3降级时驾驶员未响应接管请求，发生在城市主干道，侧风偏大且路面有抛洒物。系统请求接管后，驾驶员反应时间达1362ms，超过1200ms临界值，导致接管失败。虽然制动果断且AEB提前介入，但风险仍被评估为LOW级别。责任倾向驾驶员接管不足，但系统也存在一定不足。,主因：驾驶员反应时间过长（1362ms），未及时握盘接管；次因：侧风偏大及路面抛洒物增加系统感知与规划难度，系统请求接管时机可能偏晚，且AEB介入策略可优化。,驾驶员反应时间1362ms，超过1200ms临界值 | 制动上升时间591ms，制动果断迅速 | AEB提前146ms介入，较驾驶员制动更早 | 制动时TTC为2.18秒，时距尚可但偏短 | 侧风偏大和路面抛洒物为显著环境风险 | 遥测显示车速从83.4km/h逐步降至55.8km/h，减速平稳
C_D0,cloud_experiment_results_C_D0_20260518_211802Z.json,35,EXP-20260518-036,拥堵跟车系统退出未制动,DRIVER_TAKEOVER_FAIL,LOW,C,D0,True,6,5,0.8333,系统,驾驶员,False,1,8,0.125,5.0,5,4,118,77,1188,"weather疑似矛盾: expected=多云, mentioned=['雾']",,在上海浦东高架匝道多雾天气下，L2级辅助驾驶系统因施工锥桶偏移请求人工接管，驾驶员反应时间920ms（偏长），系统提前251ms触发AEB，但最终因接管延迟且制动不足导致碰撞风险。主责为系统请求后驾驶员未及时响应，次因为环境障碍物干扰。,主因：驾驶员接管反应时间过长（920ms），超过建议阈值（800ms），未能及时弥补系统退出；次因：施工锥桶偏移导致感知复杂，系统提前减速但仍需人工介入。,驾驶员反应时间920ms，超过800ms建议阈值。 | AEB在驾驶员制动前251ms已介入。 | 制动时TTC为1.85秒，时距尚可但碰撞仍发生。 | 事故前3秒均速43km/h，系统持续减速。 | 方向盘最大转角5.7度，无剧烈避让。
C_D0,cloud_experiment_results_C_D0_20260518_211802Z.json,36,EXP-20260518-037,驾驶员误踩加速踏板,DRIVER_TAKEOVER_FAIL,HIGH,C,D0,True,6,6,1.0,系统,系统,True,0,8,0.0,5.0,6,4,148,113,1680,,,在深圳南山区施工借道段，自动驾驶系统因前车急刹请求人工接管，驾驶员反应时间偏长（965ms）且存在短暂制动松开，最终虽施加了极强制动（-1.8m/s²），但系统介入时机较晚（AEB延迟-394ms），导致高严重度驾驶员接管失败事件。系统责任占比50%，驾驶员为39%，环境模糊标线加剧了接管困难。,主因：系统在复杂施工借道环境下，风险最小化减速策略不足且AEB介入延迟，未能给驾驶员预留充分接管时间。次因：驾驶员注意力状态不佳，接管响应超800ms阈值，且在制动过程中出现踏板放松（87%→100%波动），影响减速度连续性。,驾驶员反应时间965ms，超过800ms阈值，表明注意力状态不佳。 | AEB介入时机为-394ms（制动前），但ttc仍有2.11s，介入效果受限。 | 制动过程中brake出现100%→87%→100%非单调变化，存在操作波动。 | 峰值减速度-1.8m/s²已属于极强制动，但仅持续短时间。 | 环境因素：施工借道段、多云、车道线模糊，增加系统感知难度。 | 系统责任比例50%高于驾驶员的39%，反映接管请求与减速策略有待优化。
C_D0,cloud_experiment_results_C_D0_20260518_211802Z.json,37,EXP-20260518-038,团雾突发能见度骤降,ENVIRONMENT_DISTURB,HIGH,C,D0,True,6,6,1.0,驾驶员,环境,False,2,8,0.25,5.0,6,5,151,92,1625,"severity疑似矛盾: expected=HIGH, mentioned=['MEDIUM']；weather疑似矛盾: expected=小雨, mentioned=['雨', '雾']",,南京雨花台区隧道入口小雨团雾环境下，能见度骤降，行人突然横穿。L2辅助系统驾驶员反应798ms尚可，但制动踏板上升时间344ms偏慢，初始制动强度不足，AEB在碰撞前482ms介入时TTC仅2.15s，峰值减速度-10.41m/s²仍无法避免低速碰撞。主要风险源于环境突变、制动响应延迟及人机交互欠佳。,主因：团雾致能见度骤降，行人横穿形成突发障碍。次因：驾驶员制动上升时间过长（344ms）且初始制动力弱，AEB介入较晚（-482ms），制动有效标志为假，制动效能未能及时匹配碰撞风险。,驾驶员反应时间798ms，属可接受区间。 | 制动上升时间344ms，偏慢（正常约150-200ms）。 | AEB介入时TTC 2.15s，但制动有效标志为假。 | 最大转向幅度7.4°，未明显避让。 | 事故前3s均速33.7km/h，已大幅减速但未停止。 | 环境小雨+团雾+隧道入口，能见度低。
C_D0,cloud_experiment_results_C_D0_20260518_211802Z.json,38,EXP-20260518-039,路面结冰侧滑,ENVIRONMENT_DISTURB,LOW,C,D0,True,6,5,0.8333,驾驶员,驾驶员,True,0,9,0.0,5.0,6,5,156,106,1550,,,本次事故为低严重度环境扰动事件，发生在武汉东湖高新区雾天长下坡接弯路段，慢车占道且路面结冰。驾驶员反应时间偏长（921ms）及制动上升缓慢（503ms）导致制动效能不足，系统AEB介入较晚（-478ms），车辆侧滑后发生轻微碰撞。责任主要归因于驾驶员（53%）与环境因素（26%）的交织，系统策略（21%）次之。,主因：驾驶员反应延迟（921ms）和制动执行力弱（制动上升503ms），在湿滑弯道下未能及时减速。次因：环境扰动组合（雾天降低能见度、长下坡接弯、慢车占道）与施工临时标线增加了驾驶复杂度，系统AEB介入时机偏晚。,反应时间921ms，超出阈值800ms | 制动上升时间503ms，制动响应缓慢 | AEB在碰撞前478ms介入，偏晚 | 制动时TTC为1.64s，但制动效果不足 | 事故前3s均速63.7 km/h，初始车速77.5 km/h | 环境：雾、长下坡接弯、慢车占道、施工临时标线
C_D0,cloud_experiment_results_C_D0_20260518_211802Z.json,39,EXP-20260518-040,强光逆光相机失效,ENVIRONMENT_DISTURB,HIGH,C,D0,True,6,6,1.0,驾驶员,驾驶员,True,0,8,0.0,5.0,6,5,135,87,1528,,,高架匝道雾天强光逆光环境下，L2级辅助驾驶系统视觉相机失效，前车急刹制动灯亮起时，驾驶员反应时间842ms偏长，制动减速度达-1.8m/s²，AEB延迟-814ms介入，最终发生追尾。环境扰动（雾、逆光）是主要诱因，人因（反应延迟）与系统（AEB延迟）共同作用导致碰撞。,主因：环境扰动（雾天逆光导致视觉传感器性能下降）叠加前车急刹，引发感知延迟。次因：驾驶员反应时间842ms超过安全阈值（>800ms），系统AEB延迟-814ms未及时补偿。,驾驶员反应时间842ms（>800ms），偏长。 | AEB延迟-814ms（即在驾驶员制动后814ms才介入）。 | 事故前3s均速19.6km/h，制动时TTC 2.09s。 | 环境条件：雾、逆光、道路反光，高架匝道。 | 峰值减速度-11.37m/s²，极强制动。 | 端侧风险模型预测ENVIRONMENT_DISTURB。
C_D0,cloud_experiment_results_C_D0_20260518_211802Z.json,40,EXP-20260518-041,横风高架桥面偏移,ENVIRONMENT_DISTURB,MEDIUM,C,D0,True,6,4,0.6667,驾驶员,环境,False,1,8,0.125,5.0,6,5,116,83,1158,"weather疑似矛盾: expected=大雨, mentioned=['雨']",,大雨快速路上，自动驾驶车辆因相邻车道车辆变道挤压及横风扰动，驾驶员在726ms内制动减速，AEB提前497ms介入，但事故仍发生。多因素交织：环境（大雨、临时标线）贡献32%，人因反应时间可接受，系统规划请求接管但权重切换留有风险。,主因：环境扰动（横风、大雨、临时标线）导致车辆偏移及相邻车道变道挤压，超出系统安全边界。次因：系统规划请求接管后，控制权重切换延迟，驾驶员制动虽果断但未完全规避风险。,反应时间726ms，处于可接受区间 | 制动上升时间585ms，制动果断 | AEB提前497ms介入，早于驾驶员制动 | 事故前3s平均车速45.2km/h，已大幅减速 | 最大转向角9°，存在横向修正 | 责任比例：环境32%、人40%、系统28%
C_D0,cloud_experiment_results_C_D0_20260518_211802Z.json,41,EXP-20260518-042,积水水滑,ENVIRONMENT_DISTURB,HIGH,C,D0,True,6,6,1.0,驾驶员,驾驶员,True,0,8,0.0,5.0,6,5,148,112,1536,,,本次事故为城市主干道积水水滑引发的环境扰动事故。前车急刹制动灯亮起，自车在自动驾驶状态下，驾驶员反应时间500ms尚可，但制动上升时间589ms偏慢，峰值减速度仅-1.8 m/s²，导致碰撞风险。系统AEB提前781ms介入但制动效能不足，环境因素（积水、施工标线）与人因、系统策略共同导致事故。,主因：路面积水导致附着系数骤降，驾驶员制动上升时间过长（589ms）且峰值减速度不足（-1.8 m/s²），未能有效减速。次因：系统AEB虽提前介入（-781ms），但制动减速度峰值仍低，且无主动转向避让，综合因素导致碰撞。,驾驶员反应时间500ms（正常范围） | 制动上升时间589ms（偏慢） | 峰值减速度-1.8 m/s²（不足） | AEB提前781ms介入 | 环境报告含积水、施工标线、前车急刹 | 事故前3s均速17.1 km/h（已显著减速但碰撞仍发生）
C_D0,cloud_experiment_results_C_D0_20260518_211802Z.json,42,EXP-20260518-043,夜间无照明行人横穿,ENVIRONMENT_DISTURB,MEDIUM,C,D0,True,6,5,0.8333,驾驶员,系统,False,2,8,0.25,5.0,6,4,119,89,1211,"severity疑似矛盾: expected=MEDIUM, mentioned=['HIGH']；weather疑似矛盾: expected=大雨, mentioned=['雨', '夜间']",,夜间大雨环境下，快速路上前方车辆减速未打灯，自动驾驶系统面临环境扰动。驾驶员反应时间759ms，制动上升时间497ms较长，AEB在-509ms介入，TTC 2.99s，最终发生碰撞。责任倾向环境扰动与人因/系统策略交织，多因素共同导致。,主因：环境扰动（大雨夜间能见度低、前车未打灯减速）与系统制动响应迟缓（制动上升时间497ms）共同导致碰撞风险。次因：驾驶员制动操作不够果断，虽反应时间可接受但制动踏板上升缓慢。,驾驶员反应时间759ms（可接受但非最优） | 制动上升时间497ms（迟缓，从20%到80%） | AEB介入时刻-509ms | 制动时TTC 2.99s | 事故前3s均速67.1km/h | 天气大雨、夜间无照明、前车未打灯减速
C_D0,cloud_experiment_results_C_D0_20260518_211802Z.json,43,EXP-20260518-044,人-车-路-环境多因素叠加,MULTI_FACTOR,MEDIUM,C,D0,True,6,5,0.8333,驾驶员,驾驶员,True,0,8,0.0,5.0,6,5,116,91,1337,,,高架匝道汇流冲突中，人车路环境多因素叠加导致中等严重度事故。驾驶员反应时间434ms可接受，AEB提前474ms介入，制动果断但系统与驾驶员控制存在叠加。施工临时标线增加环境不确定性，责任分配偏向人因45%、系统31%、环境24%。,主因：匝道汇流冲突中驾驶员对施工标线环境下的风险预判不足，导致未能及时采取最优避让策略。次因：系统AEB提前介入与驾驶员制动叠加，可能产生控制冲突，且系统接管请求时机或策略不够完善。,驾驶员反应时间434ms，处于可接受区间 | AEB提前474ms介入（制动前） | 制动上升时间583ms，制动果断 | 环境：多云、高架匝道、施工临时标线 | 遥测显示持续减速且转向幅度有限（最大3.0°） | 责任分配：驾驶员45%、系统31%、环境24%
C_D0,cloud_experiment_results_C_D0_20260518_211802Z.json,44,EXP-20260518-045,施工改道+感知降级+驾驶员分心,MULTI_FACTOR,MEDIUM,C,D0,True,6,5,0.8333,驾驶员,驾驶员,True,1,9,0.1111,5.0,6,5,112,68,1195,"weather疑似矛盾: expected=冰雪, mentioned=['雪']",,发生一起多因素导致的中等严重程度事故，位于广州黄埔区快速路（冰雪覆盖），涉及施工改道与匝道汇流冲突。驾驶员分心（反应时间578ms处于可接受区间但可优化）、系统感知降级（多目标关联复杂）及冰雪环境共同导致碰撞，单一归因不足。,主因：驾驶员分心，在冰雪施工路段未能及时充分制动；次因：系统感知降级（复杂交互场景下多目标关联困难）及施工临时标线导致环境不确定性增加。,遥测显示持续制动但减速幅度受限（冰雪路面） | 反应时间578ms处于可接受边界 | AEB介入早于驾驶员209ms | 最大转向角4.7°，基本无紧急避让 | 环境含施工标线和匝道汇流冲突 | 系统感知复杂场景多目标关联困难
C_D0,cloud_experiment_results_C_D0_20260518_211802Z.json,45,EXP-20260518-046,恶劣天气+跟车过近+AEB 保守策略,MULTI_FACTOR,MEDIUM,C,D0,True,6,5,0.8333,驾驶员,驾驶员,True,1,8,0.125,5.0,6,5,129,74,1346,"weather疑似矛盾: expected=大雨, mentioned=['雨']",,大雨天气下，驾驶员跟车过近，前车慢车占道，AEB策略保守，多因素导致追尾事故。驾驶员反应时间433ms，制动果断，但初始跟车距离不足；路面湿滑延长制动距离；AEB提前163ms介入但制动力未能避免碰撞。责任分配中人为因素54%为主导，环境28%、系统18%。,主因为驾驶员跟车过近（反应时间虽可接受但制动距离不足）；次因为大雨路面湿滑降低制动效能，以及AEB保守策略（介入时机提前但制动力偏弱）无法完全补偿。,反应时间433ms，处于可接受区间。 | 制动上升时间549ms，表明制动果断。 | AEB介入提前驾驶员163ms，系统比人更早响应。 | TTC at brake 2.92s，时距偏短。 | 遥测显示持续减速，从64km/h降至27.2km/h（-1600ms）。 | 责任比例：驾驶员54%、环境28%、系统18%。
C_D0,cloud_experiment_results_C_D0_20260518_211802Z.json,46,EXP-20260518-047,匝道+大车遮挡+前车急刹,MULTI_FACTOR,HIGH,C,D0,True,6,4,0.6667,驾驶员,驾驶员,True,1,6,0.1667,5.0,6,5,115,81,1371,"weather疑似矛盾: expected=小雨, mentioned=['雨']",,一宗涉及多因素（匝道、大车遮挡、行人横穿、施工借道段、小雨）的交通事故，车辆在手动驾驶状态下以约89km/h行驶，驾驶员反应时间偏长（827ms），AEB提前介入但未能避免碰撞，最终责任分配为驾驶员61%、环境24%、系统15%。,主因：驾驶员反应时间过长（827ms）导致制动时机偏晚；次因：大车遮挡视线、施工借道段及小雨降低能见度，行人突然横穿，系统AEB虽提前237ms介入但减速度不足。,驾驶员反应时间827ms，超出推荐阈值。 | AEB提前237ms介入，但未能避免碰撞。 | 峰值减速度-1.8m/s²，制动强度极高。 | 事故前3秒平均速度48.6km/h，初始速度89.2km/h。 | 环境因素：小雨、施工借道段、行人横穿。 | 责任比例：驾驶员61%，环境24%，系统15%。
C_D0,cloud_experiment_results_C_D0_20260518_211802Z.json,47,EXP-20260518-048,夜间+眩光+非机动车占道,MULTI_FACTOR,HIGH,C,D0,True,6,5,0.8333,驾驶员,驾驶员,True,2,9,0.2222,5.0,6,5,167,120,2111,"severity疑似矛盾: expected=HIGH, mentioned=['MEDIUM']；weather疑似矛盾: expected=晴, mentioned=['夜间']",,2026年5月18日夜间，杭州滨江区施工借道段发生一起多因素交通事故。驾驶员反应延迟（825ms）、制动上升缓慢（409ms），同时系统自动紧急制动（AEB）介入偏晚（-685ms），叠加环境因素（夜间眩光、非机动车占道、车道线模糊），导致车辆以约5km/h速度与前车追尾。事故等级高，责任分布为驾驶员58%、系统24%、环境18%。,主因：驾驶员反应时间过长（>800ms）且制动踏板踩踏上升缓慢（409ms），未能在有效时距内充分减速。次因：系统AEB触发时机偏晚，且制动执行机构响应不足（制动有效标志为假）；环境方面，施工借道段车道线模糊及夜间眩光增加了感知与决策难度。,驾驶员反应时间825ms（>800ms阈值） | 制动上升时间409ms（20%→80%，明显迟缓） | 峰值减速度-11.49m/s²（碰撞级强度） | AEB相对驾驶员制动延时-685ms（待确认符号含义） | 制动时TTC=2.0s（时距尚可） | 事故前3s均速18.2km/h（已大幅减速）
C_D0,cloud_experiment_results_C_D0_20260518_211802Z.json,48,EXP-20260518-049,系统提示弱+环境复杂+接管犹豫,MULTI_FACTOR,HIGH,C,D0,True,6,6,1.0,驾驶员,驾驶员,True,1,7,0.1429,5.0,6,4,154,62,1405,"weather疑似矛盾: expected=多云, mentioned=['雨']",,2026年5月18日南京雨花台区快速路（多云）发生L2辅助驾驶事故。车辆以约48.6km/h接近未完全封闭施工区域，系统提示弱，驾驶员反应时间502ms但制动上升缓慢（404ms），峰值减速度-1.8m/s²（碰撞级），最终碰撞。多因素共同作用：驾驶员操作（61%）、环境复杂（24%）、系统策略（15%）。,主因为驾驶员制动操作迟缓（制动上升时间404ms，有效制动不足）；次因为系统提示强度不足及施工区域未完全封闭造成的环境干扰。,驾驶员反应时间502ms，在可接受范围。 | 制动上升时间404ms（踏板20%→80%），偏慢。 | 峰值减速度-1.8m/s²，远弱于后期遥测-10.98m/s²。 | AEB/系统介入时间-152ms（事故前介入）。 | 制动时TTC 2.54s，时距充足但制动不足。 | 遥测显示事故前1.6秒车速15km/h，制动100%，仍发生碰撞。
C_D0,cloud_experiment_results_C_D0_20260518_211802Z.json,49,EXP-20260518-050,多车交互+信号延迟+制动不足,MULTI_FACTOR,HIGH,C,D0,True,6,6,1.0,驾驶员,驾驶员,True,1,7,0.1429,5.0,6,5,127,100,1717,"weather疑似矛盾: expected=小雨, mentioned=['雨']",,小雨城市主干道多车交互事故，前车急刹制动灯亮起，本车驾驶员反应时间935ms偏长，AEB介入延迟363ms，尽管制动果断且峰值减速度达-10.27m/s²，仍发生碰撞。事故本质为多因素共同作用：驾驶员反应滞后、AEB策略灵敏度不足、湿滑路面制动效能下降。,主因：驾驶员反应时间过长（935ms），超出安全阈值（800ms），导致有效制动启动延迟。次因：AEB系统在TTC=2.79s时未提前触发，延迟363ms，且小雨路面降低摩擦系数，缩短了安全制动距离。,反应时间935ms，高于800ms安全阈值。 | AEB介入延迟-363ms，未在TTC=2.79s时触发。 | 制动峰值减速度-10.27m/s²，但受小雨路面限制。 | 事故前3秒均速22.2km/h，最终碰撞速度低于5.2km/h。 | 方向盘最大转角6.7°，显示有避让动作。 | 环境小雨，前车制动灯亮起已被感知。
C_D1,cloud_experiment_results_C_D1_20260518_212022Z.json,0,EXP-20260518-001,追尾碰撞（跟车过近）,COLLISION,HIGH,C,D1,True,6,4,0.6667,驾驶员,驾驶员,True,0,7,0.0,5.0,5,4,103,87,1541,,,2026年5月18日，苏州工业园区隧道入口雾天，一辆L2辅助驾驶车辆因跟车过近，未能及时应对未完全封闭的施工区域，发生追尾碰撞。事故等级HIGH，主要风险包括环境能见度低、施工区域预警缺失及驾驶员反应延迟。,主因为驾驶员跟车过近（TTC仅2.35s时制动）且制动效能不足；次因为施工区域未完全封闭致障碍物突变，叠加雾天降低感知，系统AEB介入因制动有效标志false而未能避免碰撞。,遥测显示制动压力在碰撞前1.3s即达100%，但减速度峰值仅-9.7m/s²，制动效能不足。 | TTC at brake seconds=2.35s，表明跟车过近，安全余量不足。 | AEB延迟-775ms，意味着AEB早于驾驶员制动，但brakeEffective=false，说明AEB未阻止碰撞。 | 最大转向角8.2°，表明驾驶员在碰撞前有避让尝试，但未成功。 | 环境雾天且施工区域未封闭，构成双重高风险因素。
C_D1,cloud_experiment_results_C_D1_20260518_212022Z.json,1,EXP-20260518-002,侧向刮擦（变道冲突）,COLLISION,HIGH,C,D1,True,6,6,1.0,驾驶员,驾驶员,True,0,9,0.0,5.0,6,5,187,102,2033,,,本次事故为城市主干道前车急刹场景下的侧向刮擦碰撞（严重等级高）。本车以74.5km/h行驶，感知到前车制动后驾驶员施加制动并伴有转向操作，最大减速度达11m/s²。尽管制动生效，但由于反应时间（1.3s）和制动距离限制，仍发生接触。转向介入表明驾驶员尝试规避但未成功，侧向刮擦可能源于碰撞瞬间与目标车辆的位置差。主要风险是驾驶员对突发急刹的响应时机不足及转向干扰制动稳定性。,主因：驾驶员制动反应时间（1.30秒）过长，导致制动时机偏晚，虽然最终制动强度充分但无法避免碰撞；次因：碰撞前驾驶员转向操作（最大转向角7.4°）可能使车辆与目标车辆产生侧向相对位移，导致刮擦而非纯追尾。,事故前最后7组遥测数据显示本车从74.5km/h减速至10km/h，制动踏板开度最高达100%，最大减速度11.05m/s²。 | 驾驶员制动反应时间约1.3秒（reactionTimeMs=1299），brakeRiseTimeMs=365ms，制动建立较快。 | 转向角度变化剧烈：碰撞前2.9秒steer达3.9°，碰撞前0.95秒反转至-1.8°，最大转向角7.4°。 | 端侧风险模型预测碰撞置信度偏高，建议复盘证据链一致性。 | AEB延迟为-361ms，表明系统制动请求可能晚于驾驶员实际制动，或为信号解释差异。 | 未记录驾驶员接管请求，autoDrivingState为MANUAL，表明全程手动控制。
C_D1,cloud_experiment_results_C_D1_20260518_212022Z.json,2,EXP-20260518-003,静止障碍碰撞,COLLISION,LOW,C,D1,True,6,4,0.6667,驾驶员,驾驶员,True,0,8,0.0,5.0,5,5,119,84,1604,,,2026年5月18日西安高新区城市主干道发生低速碰撞事故，手动驾驶车辆与占道慢车追尾。主因是驾驶员制动反应迟缓且制动强度不足，次因是车道线模糊影响环境感知。系统AEB虽在碰撞前293ms介入，但未有效避免碰撞。事故等级低，无人员重伤风险。,驾驶员反应时间（783ms）及制动上升时间（545ms）较长，且最大制动减速度仅4.2m/s²，未达到紧急制动能力；车道线模糊导致驾驶员对慢车占道判断滞后，是次要原因。,遥测显示制动开度从28%增至57%，但减速度最大仅4.2m/s²，未达紧急制动典型值（>7m/s²）。 | AEB在碰撞前293ms激活，但制动有效标志为false，表明系统制动未完全防止碰撞。 | 驾驶员反应时间783ms，制动上升时间545ms，均处于主动安全领域中间偏长水平。 | 车道线模糊环境可能影响驾驶员对慢车占道横向风险的判断。 | 碰撞前TTC=2.41s时开始制动，按当时车速估算，实际可用停车距离不足。
C_D1,cloud_experiment_results_C_D1_20260518_212022Z.json,3,EXP-20260518-004,倒车碰撞非机动车,COLLISION,LOW,C,D1,True,6,5,0.8333,驾驶员,系统,False,0,8,0.0,5.0,5,5,138,140,1614,,,在成都高新区收费站广场，一辆处于L2辅助驾驶状态的车辆（输入标注为“倒车碰撞非机动车”，但遥测数据为正向行驶）因路面抛洒物触发制动系统响应，碰撞前约0.3s达到最大制动能力，仍未能避免与前方非机动车发生LOW等级碰撞。端侧风险模型确认碰撞置信偏高，建议结合云端数据进一步复盘。,主因：路面抛洒物导致感知系统对非机动车的相对运动估计或TTC更新虽正常，但规划层仅请求舒适制动而未触发紧急换道，制动介入时机（TTC=2.39s）偏晚。次因：碰撞前约0.3s制动才达到最大能力，可能因制动建立时间（brakeRiseTimeMs=330ms）较长或路面附着力不足。,碰撞前4.2s至2.25s，车速从73.8km/h持续减速至46.2km/h，制动强度逐步增大。 | 碰撞前0.3s达到最大制动能力，但最终速度及减速度峰值未给出。 | 端侧信号显示制动有效，AEB延迟-669ms（表明实际制动晚于理想触发点）。 | 方向盘最大转角仅4.4°，车辆基本保持直线行驶，未尝试换道。 | 驾驶员无接管请求记录，系统处于L2辅助状态。
C_D1,cloud_experiment_results_C_D1_20260518_212022Z.json,4,EXP-20260518-005,环岛内连环碰撞,COLLISION,MEDIUM,C,D1,True,6,5,0.8333,驾驶员,驾驶员,True,1,7,0.1429,5.0,5,5,137,105,1470,"weather疑似矛盾: expected=晴, mentioned=['雨', '夜间']",,在南京雨花台区施工借道段夜间车道线磨损条件下，车辆与匝道汇流目标发生中等严重度碰撞。L2辅助驾驶系统虽逐步加强制动，但碰撞前0.3s才达到最大制动能力，且未触发紧急换道，反应时间1334ms偏长，最终未能有效避撞。主要风险来自驾驶员/系统对汇流冲突的响应延迟与制动效能不足。,主因：驾驶员或辅助系统对匝道汇流目标的反应时间过长（1334ms），制动起始较晚，且制动效能在碰撞前0.3s才达峰值，不足以避免碰撞。次因：夜间磨损车道线影响横向稳定性，施工借道段空间受限，紧急换道避让不可行。,遥测显示速度从57km/h连续降至20.2km/h，制动强度从30%增至72%。 | 派生信号：反应时间1334ms，TTC at brake 2.21s，AEB delay -634ms，brake effective false。 | 决策链表明规划为舒适制动，未触发紧急换道。 | 环境参数：施工借道段、夜间车道线磨损、匝道汇流冲突。 | 方向盘转角最大4.5°，存在轻微转向修正。
C_D1,cloud_experiment_results_C_D1_20260518_212022Z.json,5,EXP-20260518-006,匝道末端减速不及,COLLISION,MEDIUM,C,D1,True,6,5,0.8333,驾驶员,驾驶员,True,1,9,0.1111,5.0,5,4,135,65,1436,"weather疑似矛盾: expected=小雨, mentioned=['雨']",,本次事故发生于上海浦东新区一隧道入口，小雨天气下自动驾驶车辆因前方慢车占道且车道线反光影响感知，导致减速不及发生碰撞。主要风险为系统对慢车占道场景的制动策略过于保守，未触发紧急换道或更强制动，反应时间长达1269ms，碰撞前0.3s才达到最大制动能力，最终无法避免接触。,主因：系统制动请求建立较晚，反应时间1269ms导致减速距离不足。次因：小雨湿滑路面与隧道入口反光车道线降低制动效能及感知置信度。,前向毫米波雷达+摄像头融合成功探测到前方慢车并输出TTC。 | 制动请求从-4200ms开始持续增加，碰撞前0.3s达到最大制动能力。 | 端侧派生信号显示反应时间1269ms，制动上升时间495ms。 | AEB延迟-602ms表明AEB在碰撞前602ms触发，但未显著缩短反应时间。 | 最后2秒最大转向角6.2度，表明车辆有轻微转向避险动作但幅度不足。
C_D1,cloud_experiment_results_C_D1_20260518_212022Z.json,6,EXP-20260518-007,隧道内低速追尾,COLLISION,MEDIUM,C,D1,True,6,4,0.6667,驾驶员,驾驶员,True,1,7,0.1429,5.0,5,4,142,84,1300,"weather疑似矛盾: expected=冰雪, mentioned=['雪']",,该事故发生在上海浦东新区快速路隧道内，冰雪路面条件下，车辆以约49km/h初始速度行驶，驾驶员在遇到行人靠近路缘时采取制动，但制动强度不足且路面附着系数低，最终以约15km/h速度低速追尾前车，碰撞等级中等。系统感知正常，AEB提前介入但未生效，主要风险来自冰雪环境下的制动距离不足。,主因为驾驶员在冰雪路面制动强度不足（制动踏板百分比未达100%且制动建立时间偏长），次因为冰雪路面摩擦系数低导致制动减速度无法有效提升；此外行人靠近路缘可能分散注意力。,遥测显示制动踏板百分比从未超过76%，未达全力制动状态 | 端侧记录brakeEffective=false，表示制动未能避免碰撞 | 减速度最大为6.3m/s²，低于干沥青路面（约8-10m/s²） | AEB提前于驾驶员525ms介入，但碰撞仍发生 | 行人靠近路缘可能触发驾驶员注意力偏移
C_D1,cloud_experiment_results_C_D1_20260518_212022Z.json,7,EXP-20260518-008,NOA 异常退出未提示,AUTOPILOT_FAULT,HIGH,C,D1,True,6,2,0.3333,系统,驾驶员,False,0,7,0.0,5.0,6,5,157,96,1487,,,2026年5月18日，深圳南山区园区内部路发生NOA异常退出未提示事故。系统在侧风偏大、车道线模糊环境下，因感知目标跟踪ID切换导致纵向目标丢失120ms，规划重算延迟，横向振荡抑制不足，最终在右侧车辆强行切入时未能及时降级提示，驾驶员未接管，导致碰撞风险。事故等级HIGH，遥测数据表明制动有效但转向控制不稳定。,主因：NOA异常退出后未向驾驶员发出降级提示，导致接管窗口缺失。次因：感知层目标跟踪ID切换造成纵向目标丢失120ms，规划层触发最小风险轨迹重算时横向振荡抑制不足，控制层力矩与制动协调延迟。,系统日志记录降级原因码（AUTOPILOT_FAULT）。 | 感知层目标跟踪ID切换导致纵向目标丢失120ms。 | 端侧AEB延迟-880ms，表明制动触发晚于降级判断。 | 侧风偏大（环境数据）与车道线模糊（环境数据）作为外部扰动。 | 横向转向幅值在最后2s内达5.5°，表明控制振荡。 | 驾驶员无接管请求记录（端侧派生信号）。
C_D1,cloud_experiment_results_C_D1_20260518_212022Z.json,8,EXP-20260518-009,横向控制振荡诱发偏离,AUTOPILOT_FAULT,LOW,C,D1,True,6,2,0.3333,系统,系统,True,2,6,0.3333,5.0,6,5,103,68,1170,"severity疑似矛盾: expected=LOW, mentioned=['MEDIUM']；weather疑似矛盾: expected=小雨, mentioned=['雨']",,车辆在收费站广场小雨条件下，因感知层目标跟踪ID切换导致纵向目标丢失120ms，引发规划层请求最小风险轨迹，但横向振荡抑制不足，最终偏离车道。事故等级低级，主要风险在于感知融合置信度波动与MRM前控制延迟。,主因：目标跟踪ID切换导致纵向目标丢失120ms，规划重算时横向振荡抑制不足。次因：横向力矩与制动协调延迟，降级提示与制动力建立不同步。,目标跟踪ID切换导致纵向目标丢失120ms（感知层日志） | 横向力矩与制动协调延迟（控制层时序差异） | 降级提示与制动力建立不同步（端侧信号） | 制动有效，TTC为2.95s且刹车建立时间361ms | 最大转向角8.3°，超过正常修正范围 | 端侧风险模型对AUTOPILOT_FAULT置信偏高
C_D1,cloud_experiment_results_C_D1_20260518_212022Z.json,9,EXP-20260518-010,感知误检导致误制动,AUTOPILOT_FAULT,HIGH,C,D1,True,6,5,0.8333,系统,系统,True,0,5,0.0,5.0,5,5,136,110,1246,,,本起事故发生于武汉东湖高新区高架匝道雾天，车辆在自动驾驶模式下因感知系统对模糊车道线和前车急刹的识别不稳定，导致目标跟踪短暂丢失120ms，进而引发最小风险策略执行时的横向振荡与制动协调延迟，最终造成车辆剧烈减速但未能完全避免碰撞风险，属于典型的感知误检导致的误制动事件。,主因：感知系统在雾天对车道线置信度波动及目标跟踪ID切换导致纵向目标丢失120ms，使规划层触发最小风险轨迹时缺乏精确横向控制基准。次因：横向力矩与制动协调延迟，降级提示与制动力建立不同步，导致车辆紧急制动时横向不稳定。,感知系统在雾天车道线置信度波动，目标跟踪ID切换导致纵向目标丢失120ms | 横向力矩与制动协调延迟，降级提示与制动力建立不同步 | 制动从36%增至100%仅用约1950ms，减速度从-1.8m/s²升至-9.7m/s² | 最大转向角绝对值8.8度，最后2s内转向角多次反转 | 无明确驾驶员接管请求，AEB未触发（aebDelayMs=-1）
C_D1,cloud_experiment_results_C_D1_20260518_212022Z.json,10,EXP-20260518-011,规划轨迹突变,AUTOPILOT_FAULT,HIGH,C,D1,True,6,2,0.3333,系统,系统,True,1,7,0.1429,5.0,5,5,159,93,1658,"severity疑似矛盾: expected=HIGH, mentioned=['LOW']",,本起事故发生于上海浦东新区，在雾天长下坡接弯路段，自动驾驶系统因感知层目标跟踪ID切换导致纵向目标丢失120ms，规划层触发最小风险轨迹重算时横向振荡抑制不足，控制层制动降级提示与制动力建立不同步，最终在与占道外卖非机动车碰撞风险下紧急制动，但协调延迟导致碰撞未完全避免。主要风险是感知丢失引发规划振荡和控制耦合失效。,主因：感知层目标跟踪ID切换导致纵向目标丢失120ms，规划层据此错误触发最小风险轨迹重算。次因：控制层横向振荡抑制不足及制动降级提示与制动力建立不同步，使紧急制动时机延迟约430ms。,遥测显示t=-1600ms至-770ms转向出现两次反打（0.4°→-0.4°→1.8°），符合横向振荡特征。 | 感知层记录目标跟踪ID切换导致纵向目标丢失120ms，直接触发规划重算。 | 制动在t=-2250ms已达100%，但期间t=-950ms短暂释放至87%，反映制动协调延迟。 | 端侧派生信号中制动有效为false，AEB延迟-540ms（实际提前于碰撞触发），但与制动协调时间冲突。 | 无明确接管请求，驾驶员未介入，系统自主应对失败。
C_D1,cloud_experiment_results_C_D1_20260518_212022Z.json,11,EXP-20260518-012,传感器融合短时失效,AUTOPILOT_FAULT,HIGH,C,D1,True,6,3,0.5,系统,系统,True,0,7,0.0,5.0,5,5,103,82,1217,,,自动驾驶车辆在苏州工业园区施工借道段因传感器融合短时失效（目标跟踪ID切换导致纵向目标丢失120ms），触发自动降级及最小风险重算，但横向振荡抑制不足与制动协调延迟，未能有效应对行人横穿，事故等级HIGH。,主因为感知层目标跟踪ID切换导致纵向目标丢失120ms，引发规划层最小风险轨迹重算响应延迟；次因为控制层横向力矩与制动协调不同步，降级提示与制动力建立存在时序偏移。,感知日志显示目标跟踪ID切换导致纵向目标丢失120ms | 遥测数据表明制动响应持续但最终转向幅度达8.6度 | 派生信号中AEB延迟-880ms，TTC at Brake为2.96秒 | 无明确驾驶员接管请求记录 | 端侧风险模型输出AUTOPILOT_FAULT置信偏高
C_D1,cloud_experiment_results_C_D1_20260518_212022Z.json,12,EXP-20260518-013,接管请求延迟,AUTOPILOT_FAULT,HIGH,C,D1,True,6,5,0.8333,系统,系统,True,2,9,0.2222,5.0,5,5,139,71,1474,"severity疑似矛盾: expected=HIGH, mentioned=['MEDIUM']；weather疑似矛盾: expected=小雨, mentioned=['雨', '雾']",,在深圳南山区快速路小雨环境下，L2级自动驾驶系统因前车急刹触发高危接管请求延迟事故。感知层面车道线置信度波动及目标跟踪ID切换导致纵向目标丢失120ms，规划与控制的横向振荡抑制不足及制动力建立延迟，最终系统降级提示与制动不同步，驾驶员未明确接管，车辆减速至低速后碰撞风险可控。,主因为目标跟踪ID切换导致纵向目标丢失120ms，使规划层无法及时触发最小风险轨迹；次因为横向振荡抑制不足与制动协调延迟，加剧了系统响应滞后。,遥测数据：速度从91.8降至16km/h，制动百分比从36%升至100%。 | 决策链：目标跟踪ID切换导致纵向目标丢失120ms。 | 环境条件：小雨、快速路、车道线模糊。 | 派生信号：反应时间938ms，制动上升时间536ms，TTC at brake 3.11秒。 | 系统日志：记录降级原因码，边缘节点已上传摘要哈希。
C_D1,cloud_experiment_results_C_D1_20260518_212022Z.json,13,EXP-20260518-014,前车急刹反应滞后,DRIVER_SLOW_REACTION,LOW,C,D1,True,6,5,0.8333,驾驶员,驾驶员,True,1,8,0.125,5.0,6,5,113,73,1551,"weather疑似矛盾: expected=多云, mentioned=['夜间']",,2026年5月18日北京亦庄高架匝道，L2辅助驾驶状态下，因前车遇路面抛洒物急刹，本车驾驶员制动反应延迟（1050ms）导致低速追尾风险事件。等级LOW，未造成严重伤害；主要风险为驾驶员注意力分散及环境因素（夜间车道线磨损）。,主因：驾驶员制动反应时间过长（1050ms），超过安全的800ms阈值；次因：高架匝道路面抛洒物引发前车异常减速，夜间车道线磨损降低环境感知冗余。,驾驶员制动反应时间1050ms，超出安全阈值 | 制动上升时间431ms，表明制动系统响应正常 | TTC at brake 1.91s，反映制动时机偏晚 | 最大转向角5°，驾驶员无明显避险转向 | 夜间车道线磨损，增加环境不确定性 | 端侧风险模型输出DRIVER_SLOW_REACTION高置信度
C_D1,cloud_experiment_results_C_D1_20260518_212022Z.json,14,EXP-20260518-015,夜间眩光下制动偏晚,DRIVER_SLOW_REACTION,HIGH,C,D1,True,6,6,1.0,驾驶员,驾驶员,True,1,7,0.1429,5.0,6,4,162,117,1898,"weather疑似矛盾: expected=小雨, mentioned=['雨', '夜间']",,武汉东湖高新区隧道入口，小雨夜间，驾驶员手动驾驶时因眩光及注意力分散导致制动反应延迟（1456ms），前向融合感知虽已识别行人横穿并上调风险权重，但AEB介入时机仍偏晚（aebDelayMs=-785），最终碰撞行人，严重度HIGH。主要风险为环境因素（夜间+小雨+隧道入口眩光+标线不清）对驾驶员与系统协同响应的显著削弱。,主因：驾驶员制动反应延迟（1456ms），且制动未有效（brakeEffective false），导致碰撞不可避免。次因：环境（夜间小雨隧道入口眩光、标线磨损）降低感知置信度；同时AEB请求爬升受舒适性仲裁影响，制动减速度上升较慢。,驾驶员反应时间1456ms，端侧风险模型判定DRIVER_SLOW_REACTION置信偏高。 | 制动有效标志为false，即使t=-2250ms后制动100%，最终碰撞时仍有8.8km/h。 | TTC at Brake为2.12秒，低于典型安全阈值（一般认为至少2.5秒）。 | 环境条件：小雨、隧道入口夜间、标线磨损，增加感知与反应困难。 | 最大转向角8度（最后2秒内），显示驾驶员有避让动作但不充分。 | 无明确接管请求，说明驾驶员全程在环但对系统警报未做及时响应。
C_D1,cloud_experiment_results_C_D1_20260518_212022Z.json,15,EXP-20260518-016,分心使用手机,DRIVER_SLOW_REACTION,LOW,C,D1,True,6,5,0.8333,驾驶员,驾驶员,True,0,7,0.0,5.0,6,5,163,93,1658,,,在苏州工业园区收费站广场（多云、施工临时标线）发生的低速追尾风险事件中，驾驶员因分心使用手机导致制动反应延迟1309ms，且最终制动无效（brakeEffective=false）。系统规划请求减速但时距振荡，AEB延迟-432ms（相对制动起始），未能有效补偿。事件等级LOW，主因驾驶员慢反应，次因施工标线干扰感知与规划。,主因：驾驶员分心使用手机，导致制动反应时间达1309ms，远超正常水平；次因：收费站广场施工临时标线导致车道线混乱，可能干扰感知系统对慢车占道的识别与时距规划（目标时距1.26s振荡）。,制动反应时间1309ms，远高于正常（通常<800ms）。 | 制动有效标志为false，表明最终减速度不足或未持续制动。 | 目标时距振荡至1.26s，低于安全阈值。 | AEB延迟-432ms，显示AEB相对制动起始滞后432ms。 | 最大转向角5.2°，推测有避让意图。 | 施工临时标线可能影响环境感知分类。
C_D1,cloud_experiment_results_C_D1_20260518_212022Z.json,16,EXP-20260518-017,跟车距离过近,DRIVER_SLOW_REACTION,MEDIUM,C,D1,True,6,6,1.0,驾驶员,驾驶员,True,0,8,0.0,5.0,6,4,120,83,1448,,,2026年5月18日，杭州滨江收费站广场雾天场景下，一辆手动驾驶车辆因跟车过近且前方车辆减速未打灯，驾驶员制动反应延迟（814ms），制动请求爬升受舒适性仲裁影响，导致碰撞风险。事件等级为MEDIUM，主要风险为驾驶员反应慢与环境感知困难。,主因：驾驶员制动反应延迟（814ms）及制动请求爬升缓慢（547ms）。次因：跟车距离过近（目标时距1.24s振荡），雾天能见度低且前车未打灯，减弱了预警和反应窗口。,反应时间814ms，超过典型安全阈值。 | 制动上升时间547ms，表明制动请求建立缓慢。 | TTC at brake=3.08s，初始碰撞时间充裕但未充分利用。 | 最大转向角5.3°，驾驶员尝试避让。 | 雾天环境且前车未打灯，降低反应预期。 | AEB延迟-761ms，说明系统早于驾驶员识别风险但未充分执行。
C_D1,cloud_experiment_results_C_D1_20260518_212022Z.json,17,EXP-20260518-018,雨雾视距不足仍高速接近,DRIVER_SLOW_REACTION,MEDIUM,C,D1,True,6,5,0.8333,驾驶员,驾驶员,True,0,9,0.0,5.0,6,4,165,118,2025,,,南京雨花台区雾天施工借道段，车辆在L2辅助驾驶下以52.8km/h高速接近偏移施工锥桶，驾驶员制动反应延迟1317ms，AEB提前-176ms介入但制动效果不足（brakeEffective=false），最终速度降至16km/h时可能轻微碰撞。主要风险为雨雾视距不足与驾驶员注意力分散导致的慢反应，系统仲裁中舒适性限制加剧危险。,主因：驾驶员在雾天施工路段注意力分散，制动反应时间长达1317ms，且跟车过近（TTC=2.81s）。次因：系统规划时距振荡（1.13s），制动请求爬升受舒适性与AEB仲裁影响，最大制动强度仅76%且制动有效标志为假，未能及时避免碰撞。,遥测显示t=-4200ms时车速52.8km/h，制动30%，至t=-1600ms降至16km/h，制动72%。 | 派生信号反应时间1317ms，制动上升时间297ms，TTC at brake 2.81s。 | AEB延迟-176ms（即提前触发），但brakeEffective=false。 | 最大转向角2.6°（2秒内），表明驾驶员有轻微转向操作。 | 端侧风险模型预测DRIVER_SLOW_REACTION置信偏高。 | 环境为雾天、施工借道段、施工锥桶偏移、临时标线。
C_D1,cloud_experiment_results_C_D1_20260518_212022Z.json,18,EXP-20260518-019,匝道汇流未预留时距,DRIVER_SLOW_REACTION,HIGH,C,D1,True,6,3,0.5,驾驶员,驾驶员,True,0,8,0.0,5.0,6,5,97,110,1269,,,城市主干道晴天，L2辅助驾驶状态下，驾驶员因注意力分散导致制动反应延迟894ms，制动爬升628ms，最终追尾静止排队车龙末端。主要风险为驾驶员慢反应与系统制动仲裁的耦合失效，事故等级HIGH。,主因：驾驶员制动反应延迟（894ms）且制动爬升缓慢（628ms），未在有效时距内建立足够减速度。次因：L2系统制动请求受舒适性限制，AEB提前493ms触发但制动未有效执行（brakeEffective=false）。,反应时间894ms，高于典型安全阈值。 | 制动爬升时间628ms，减速度建立缓慢。 | TTC at brake 1.92s，安全余量不足。 | AEB触发比驾驶员早493ms但制动无效。 | 最大转向8.3°，存在避让尝试但幅度小。 | 端侧风险模型预测DRIVER_SLOW_REACTION置信偏高。
C_D1,cloud_experiment_results_C_D1_20260518_212022Z.json,19,EXP-20260518-020,AEB 触发过晚,AEB_DELAY_OR_MISS,HIGH,C,D1,True,6,5,0.8333,系统,系统,True,0,8,0.0,5.0,6,5,109,98,1406,,,在长下坡接弯、车道线模糊的多云环境下，前车急刹制动灯亮起，本车AEB触发过晚（aebDelayMs=-320），导致碰撞风险升高。主要风险包括AEB仲裁延迟、下坡制动距离增益、感知降级。最终制动有效，但严重度HIGH。,主因：AEB触发时机偏晚（aebDelayMs=-320表示实际AEB触发早于FCW？或标定延迟），导致制动介入不足。次因：长下坡接弯环境增加制动距离需求，车道线模糊降低感知置信度，影响规划决策。,遥测显示制动踏板从36%到100%用时约1950ms（t=-4200ms至-2250ms）。 | ttcAtBrakeSeconds=2.43s，表明AEB触发时距前车2.43秒。 | 反应时间636ms，制动上升时间535ms。 | aebDelayMs=-320，指示AEB触发时序异常（可能与FCW仲裁延迟有关）。 | 最大转向角6.2°（后2秒内），显示驾驶员有横向干预。 | 环境因素：长下坡、弯道、车道线模糊均被记录。
C_D1,cloud_experiment_results_C_D1_20260518_212022Z.json,20,EXP-20260518-021,静态目标未识别,AEB_DELAY_OR_MISS,HIGH,C,D1,True,6,3,0.5,系统,驾驶员,False,1,6,0.1667,5.0,6,5,118,97,1327,"weather疑似矛盾: expected=冰雪, mentioned=['雨', '雪']",,城市主干道冰雪路面，施工区域未完全封闭，手动驾驶状态下AEB系统触发延迟约1450ms，导致碰撞风险。主要风险包括AEB在低附着力环境中响应不足、制动爬升速率受舒适性约束，以及驾驶员未及时干预。事件等级HIGH，亟待优化感知与决策策略。,主因：AEB系统在冰雪及施工区域场景下触发延迟（-1450ms），实际制动时机晚于理想TTC 2.25s，导致制动距离不足。次因：驾驶员无接管动作，转向控制存在8.6°最大波动，加剧车辆不稳定。,遥测显示制动从36%到100%用时约1950ms，AEB实际延迟-1450ms。 | TTC at brake为2.25s，表明制动时机偏晚。 | 冰雪路面最大减速度-9.7m/s²，低于干路面-10m/s²以上。 | 最后2秒方向盘最大变化8.6°，显示驾驶员修正但未避开。 | 端侧风险模型输出AEB_DELAY_OR_MISS置信偏高。 | 无驾驶员接管记录，系统保持手动状态。
C_D1,cloud_experiment_results_C_D1_20260518_212022Z.json,21,EXP-20260518-022,FCW 报警后 AEB 未跟进,AEB_DELAY_OR_MISS,MEDIUM,C,D1,True,6,3,0.5,系统,系统,True,1,7,0.1429,5.0,6,4,125,89,1517,"weather疑似矛盾: expected=冰雪, mentioned=['雪']",,在冰雪长下坡接弯场景中，自动辅助驾驶系统检测到前方施工锥桶偏移并发出FCW报警，但AEB未能及时跟进，导致制动请求爬升受舒适性与仲裁影响，最终采取制动时TTC仅1.97秒，存在碰撞风险。主要风险为AEB仲裁延迟及横纵向解耦控制在临界工况下的响应不足。,主因：AEB仲裁链延迟（aebDelayMs=-950），FCW后未立即介入；次因：长下坡接弯冰雪路面导致车辆减速能力受限，且规划目标时距振荡（1.20s）影响制动请求爬升速率。,aebDelayMs=-950ms表明AEB较理想时刻延迟950ms | 制动请求爬升缓慢，从30%到76%耗时约2秒（t=-4200至-2250） | TTC at brake=1.97s，低于典型安全阈值（2.5s） | 端侧风险模型预测AEB_DELAY_OR_MISS置信偏高 | maxSteerLast2sDeg=3.2°显示主动转向但幅度有限 | 规划层目标时距1.20s存在振荡，影响制动一致性
C_D1,cloud_experiment_results_C_D1_20260518_212022Z.json,22,EXP-20260518-023,低速行人场景漏检,AEB_DELAY_OR_MISS,HIGH,C,D1,True,6,5,0.8333,系统,系统,True,2,7,0.2857,5.0,5,5,87,82,1612,"severity疑似矛盾: expected=HIGH, mentioned=['MEDIUM']；weather疑似矛盾: expected=多云, mentioned=['夜间']",,本次事故为城市主干道低速场景下，AEB系统对占道外卖非机动车漏检或延迟触发，导致碰撞风险。主要风险包括感知对非机动车目标识别不稳定、AEB仲裁逻辑在舒适性与及时性间权衡不当。,主因：感知模块对外卖非机动车（体积小、速度慢）识别置信度不足或延迟，导致AEB未能及时触发。次因：规划与控制中的舒适性限制导致制动请求爬升速率不足，驾驶员制动波动。,遥测显示驾驶员从t=-4200ms开始制动，制动力度波动（36%→100%→87%→100%）。 | 最终t=-770ms时车速14.4km/h，制动100%，ax=-10.84m/s²。 | 端侧信号TTC at brake 2.98秒，反应时间786ms，制动上升时间513ms。 | aebDelayMs=-680ms，可能表示AEB提前触发或数据极性异常。 | 环境：夜间磨损车道线、多云，可能影响摄像头性能。
C_D1,cloud_experiment_results_C_D1_20260518_212022Z.json,23,EXP-20260518-024,施工区域未减速,AEB_DELAY_OR_MISS,HIGH,C,D1,True,6,3,0.5,系统,系统,True,1,7,0.1429,5.0,6,5,182,97,1759,"severity疑似矛盾: expected=HIGH, mentioned=['MEDIUM']",,事故发生在成都高新区园区内部路，施工区域临时标线环境下，自动驾驶车辆以67.5km/h行驶时遭遇行人突然横穿。系统感知正确识别并上调风险权重，但规划层目标时距振荡（1.55s），控制层制动请求爬升受舒适性限制，AEB触发延迟（aebDelayMs=-950ms），导致在TTC为2.16s时才有效制动，最终速度降至7.5km/h，但碰撞可能已发生或风险未完全消除。,主因：施工区域行人突然横穿，规划层目标时距振荡导致AEB仲裁延迟。次因：制动请求爬升速率受舒适性与AEB仲裁影响，且FCW与AEB仲裁链虽可追溯但触发时机偏晚（aebDelayMs=-950）。,速度从67.5km/h持续减速至7.5km/h，制动请求在t=-2250ms达100%后又回落至87%。 | aebDelayMs=-950ms，表明AEB触发比理想时机晚950ms。 | TTC at brake=2.16s，制动起始时的碰撞时间估计。 | 感知融合识别行人并上调风险权重（决策链中perception字段）。 | 规划层目标时距振荡1.55s，可能导致制动请求不稳定。 | 端侧风险模型提示AEB_DELAY_OR_MISS置信偏高。
C_D1,cloud_experiment_results_C_D1_20260518_212022Z.json,24,EXP-20260518-025,相邻车道侵入未抑制,AEB_DELAY_OR_MISS,HIGH,C,D1,True,6,4,0.6667,驾驶员,系统,False,0,7,0.0,5.0,5,4,145,82,1873,,,在武汉东湖高新区收费站广场多云环境下，L4自动驾驶车辆因前车急刹引发AEB延迟或未触发，等级HIGH。自车以55km/h行驶，感知正确识别前车制动灯，但规划目标时距1.54s振荡，制动请求爬升受舒适性约束，导致实际制动生效偏晚，最终碰撞风险升高。端侧模型置信偏高，建议云端验证证据链一致性。,主因：舒适性控制与AEB仲裁导致制动请求爬升速率受限，实际有效制动时机晚于安全阈值。次因：收费站广场车道标线模糊，可能影响感知稳定性；目标时距振荡削弱了制动提前量。,遥测显示制动压力从36%爬升至100%耗时约1950ms，初始减速度仅-1.8m/s²。 | 端侧信号aebDelayMs=-320ms，表明AEB触发时序早于某参考点，但实际制动响应仍不足。 | 规划目标时距1.54s振荡，未执行更早的强减速请求。 | 制动有效标志为false，表明碰撞前制动未充分避免碰撞。 | 车道标线模糊可能影响横向控制，但最后2s最大转向角5.7°，无明显异常摆动。
C_D1,cloud_experiment_results_C_D1_20260518_212022Z.json,25,EXP-20260518-026,拥堵跟车时距 <1.2s,TTC_LOW_RISK,HIGH,C,D1,True,6,6,1.0,驾驶员,驾驶员,True,0,9,0.0,5.0,5,4,175,114,1787,,,在杭州滨江区城市主干道多云天气下，本车（手动驾驶）因跟车时距持续低于1.2秒，且前车急刹制动灯亮起，触发TTC_LOW_RISK高风险事件。制动指令虽达100%，但制动有效性标记为false，最大减速度仅-10.66m/s²，最终未完全避免碰撞（或接近碰撞）。系统感知、规划与控制环节存在响应延迟与仲裁冲突，端侧风险模型置信偏高，需复盘证据链一致性。,主因：跟车时距过短（<1.2s）且相对速度未充分消化，导致反应时间不足；次因：制动请求爬升受舒适性与AEB仲裁影响，制动建立延迟（反应时间778ms，制动上升时间343ms），且制动有效性false表明实际减速度未达到指令预期。,跟车时距持续低于1.2秒，触发TTC_LOW_RISK高风险。 | 前车急刹制动灯亮起，但本车制动有效性标记为false。 | 制动指令从36%升至100%用时约1950ms，但减速度峰值仅-10.66m/s²。 | 驾驶员反应时间778ms，制动上升时间343ms，AEB提前152ms请求。 | 施工临时标线导致转向角波动（最大4.4°）。
C_D1,cloud_experiment_results_C_D1_20260518_212022Z.json,26,EXP-20260518-027,cut-in 后 TTC 骤降,TTC_LOW_RISK,LOW,C,D1,True,6,5,0.8333,驾驶员,环境,False,0,10,0.0,5.0,6,5,121,94,1398,,,该起事故发生在北京亦庄快速路，雾天且施工锥桶偏移场景下，自动驾驶车辆因前车减速导致跟车时距持续低于安全阈值，触发TTC_LOW_RISK预警。车辆通过渐进式制动有效减速，但目标时距振荡和舒适性控制限制增加了风险，最终未发生碰撞，等级为LOW。,主因为前车减速导致相对速度未充分消化，叠加施工锥桶偏移引起的环境风险；次因为规划层目标时距振荡（约1.73s）及控制层制动请求爬升受舒适性与AEB仲裁影响，反应时间（931ms）相对较长。,遥测数据表明制动从28%升至57%，速度从48.3km/h降至20.7km/h，减速度达-4.2m/s²。 | 端侧派生信号显示制动有效，反应时间931ms，制动上升时间598ms，制动时TTC=1.21s。 | AEB延迟为-538ms，说明AEB在完全制动前已激活。 | 环境数据：雾天、快速路、施工锥桶偏移，车道标线反光。 | 决策链显示感知融合正常，规划请求减速但目标时距振荡（1.73s）。 | 端侧风险模型输出TTC_LOW_RISK置信偏高，建议云端复盘侧重证据链一致性。
C_D1,cloud_experiment_results_C_D1_20260518_212022Z.json,27,EXP-20260518-028,下坡车速过快导致 TTC 不足,TTC_LOW_RISK,HIGH,C,D1,True,6,5,0.8333,驾驶员,驾驶员,True,0,9,0.0,5.0,6,5,158,76,1373,,,手动驾驶状态下，车辆在苏州工业园区快速路下坡路段以86.7 km/h高速行驶，跟车时距持续低于安全阈值，遇未完全封闭施工区域，触发TTC_LOW_RISK（HIGH等级）预警。系统AEB介入有效但制动时间较晚，相对速度未充分消化，风险等级高。核心风险为驾驶员对下坡、施工动态环境响应不足，且车道标记反光可能影响感知。,主因：驾驶员未根据下坡路况调整车速，导致跟车时距不足（目标时距1.18s振荡）；次因：施工区域未完全封闭，增加突发风险，且车道反光标记可能干扰视觉判断。,初始车速86.7 km/h，下坡路段； | 制动请求从36%升至100%用时约3.5s，最高减速度-11.34 m/s²； | TTC at brake仅1.43s，低于安全阈值； | 反应时间833ms，制动上升时间523ms； | 最大转向角3.7°，有被动规避动作； | 施工区域未封闭完全，车道标记反光。
C_D1,cloud_experiment_results_C_D1_20260518_212022Z.json,28,EXP-20260518-029,弯道出口前车减速,TTC_LOW_RISK,MEDIUM,C,D1,True,6,5,0.8333,驾驶员,系统,False,1,8,0.125,5.0,6,5,140,83,2040,"weather疑似矛盾: expected=小雨, mentioned=['雨']",,在高架匝道弯道出口，小雨环境下，前方车辆减速未打灯，自车跟车时距持续低于安全阈值（目标时距1.36s振荡），驾驶员制动反应后TTC降至1.08s，触发MEDIUM等级风险。事件本质为跟车距离过近与前方意图预测不足叠加导致的近距离跟车风险，未发生实际碰撞，但警示系统多模态协同不足。,主因：自车跟车时距过短（目标时距振荡至1.36s），导致制动时TTC仅1.08s；次因：前方车辆减速未打灯，感知系统未提前预测其减速意图，规划层未能及时调整时距目标。,t=-4200ms至-1600ms，速度从56.3km/h降至19.5km/h，持续减速，制动从30%升至76%再降至72%。 | TTC在制动时刻为1.08s，低于典型安全阈值（2s）。 | 驾驶员反应时间877ms，制动上升时间474ms，AEB提前364ms触发。 | 最大转向角5.1°，出现在最后2秒内，表明有横向调整。 | 前方车辆减速未打灯，感知系统未将其作为高优先级障碍物。 | 目标时距1.36s振荡，表明控制不稳定。
C_D1,cloud_experiment_results_C_D1_20260518_212022Z.json,29,EXP-20260518-030,绿灯起步抢行导致 TTC 不足,TTC_LOW_RISK,MEDIUM,C,D1,True,6,5,0.8333,驾驶员,驾驶员,True,1,9,0.1111,5.0,6,5,130,123,1337,"weather疑似矛盾: expected=小雨, mentioned=['雨', '夜间']",,在成都高新区收费站广场小雨夜间场景下，自动驾驶车辆以90km/h高速接近，因行人靠近路缘触发TTC低风险事件。系统虽感知到行人并上调风险权重，但制动请求爬升速率受舒适性仲裁限制，且目标时距振荡，导致制动时机偏晚。端侧风险模型置信偏高，建议云端复盘证据链一致性。,主因：车辆初始车速过高（90km/h），且制动响应延迟（反应时间736ms），导致TTC at brake仅1.08s。次因：AEB在驾驶员制动前247ms触发，但制动爬升率受舒适性限制，未能充分消化相对速度；同时夜间小雨标线不清影响感知置信度。,遥测显示初始车速90km/h，远高于收费站广场典型限速。 | 制动从30%逐步增至76%，但爬升速率受舒适性限制。 | AEB延迟-247ms，表示AEB先于驾驶员制动触发。 | 反应时间736ms，制动上升388ms，总响应偏慢。 | 最大转向角4.8°，存在避让动作。 | 端侧风险模型预测TTC_LOW_RISK但置信偏高，需复盘。
C_D1,cloud_experiment_results_C_D1_20260518_212022Z.json,30,EXP-20260518-031,大车遮挡后突然出现的慢车,TTC_LOW_RISK,HIGH,C,D1,True,6,5,0.8333,驾驶员,环境,False,1,10,0.1,5.0,6,5,143,103,1594,"weather疑似矛盾: expected=小雨, mentioned=['雨']",,事故发生于广州黄埔区高架匝道小雨环境，前车因未知原因急刹，制动灯亮起，后车（本车）驾驶员手动驾驶，跟车时距持续低于安全阈值且相对速度未充分消化，最终导致TTC低至0.75秒，制动无效，触发HIGH等级TTC_LOW_RISK风险事件。核心风险为慢车突然出现、跟车距离过近及制动效能不足。,主因：前车急刹导致相对速度急剧增加，本车跟车时距低于安全阈值（目标时距1.32s振荡）。次因：小雨路面湿滑、车道标线模糊影响制动效能和驾驶预判，且制动请求爬升受舒适性与AEB仲裁限制，未及时达到最大制动力。,前车急刹制动灯亮起，触发本车制动。 | 跟车时距持续低于安全阈值，目标时距1.32s振荡。 | 反应时间688ms，制动上升时间471ms，总响应时间约1.16s。 | 制动最大减速度11.39m/s²，但有效制动标记为false。 | TTC at brake仅为0.75s，风险极高。 | AEB延迟-469ms表示AEB在驾驶员制动前已触发？需进一步核实定义。
C_D1,cloud_experiment_results_C_D1_20260518_212022Z.json,31,EXP-20260518-032,系统请求接管后 5s 内未接管,DRIVER_TAKEOVER_FAIL,HIGH,C,D1,True,6,1,0.1667,系统,驾驶员,False,0,5,0.0,5.0,5,4,103,71,1254,,,在城市主干道晴好天气下，自动驾驶系统因前车急刹请求人工接管，驾驶员在5秒内未响应，导致系统执行紧急制动，车辆速度降至5.2km/h。事件等级为HIGH，端侧风险模型判定接管失败置信度高，需复盘证据链一致性。,主因为驾驶员未在系统请求接管后及时握盘或执行接管操作；次因为系统在模糊车道线场景下对前车急刹的感知和规划策略偏保守，但未触发更早的AEB介入。,系统在t=-4200ms检测到前车急刹后立即减速并请求接管 | 驾驶员在5秒内未完成接管动作（方向盘脱手或接管不当） | 制动执行机构在全程有效响应，从36%增至100% | 端侧风险模型输出DRIVER_TAKEOVER_FAIL置信偏高 | 车道线模糊可能影响系统策略（偏向减速而非变道）
C_D1,cloud_experiment_results_C_D1_20260518_212022Z.json,32,EXP-20260518-033,双手脱离方向盘,DRIVER_TAKEOVER_FAIL,MEDIUM,C,D1,True,6,4,0.6667,系统,驾驶员,False,1,6,0.1667,5.0,6,5,131,79,1265,"weather疑似矛盾: expected=侧风偏大, mentioned=['夜间']",,本次事故为L2级辅助驾驶系统在夜间城市主干道侧风环境下，因驾驶员未及时响应接管请求导致系统自动减速后仍无法避免风险。主要风险包括驾驶员注意力不足、侧风干扰及夜间车道线磨损降低感知精度，最终造成相邻车道变道挤压场景下的DRIVER_TAKEOVER_FAIL事件。,主因：驾驶员在系统发出接管请求后1454ms内未有效握盘，超出安全接管窗口。次因：侧风偏大和夜间车道线磨损使系统感知与执行能力受限，加剧相邻车道变道挤压风险。,遥测显示车辆从58.2km/h持续减速至21.4km/h，制动从30%升至76%后回落至72%。 | 端侧信号反应时间1454ms，表明驾驶员在接管请求后延迟1.45秒以上未握盘。 | AEB提前-586ms触发，制动有效，但未能完全避免风险。 | 最大转向角7.8°出现在最后2秒，但遥测转向角变化较小（-1.8°至-0.6°），显示系统转向有限。 | 环境数据：侧风偏大、夜间车道线磨损、相邻车道变道挤压。 | 端侧风险模型输出DRIVER_TAKEOVER_FAIL置信偏高，提示证据链一致性审查。
C_D1,cloud_experiment_results_C_D1_20260518_212022Z.json,33,EXP-20260518-034,接管后方向修正过量,DRIVER_TAKEOVER_FAIL,LOW,C,D1,True,6,5,0.8333,系统,驾驶员,False,0,9,0.0,5.0,6,5,110,82,1645,,,本次事故发生于广州黄埔区雾天长下坡接弯路段，自动驾驶系统（L2辅助）因路面抛洒物请求人工接管。驾驶员未及时握盘，接管后方向修正过量（最大转向角4.3°），导致车辆失控。事故等级LOW，核心风险为驾驶员响应不足与操作过度。,主因为驾驶员在接管请求后未及时握盘（反应时间920ms），且后续转向修正过量（4.3°）；次因为雾天、长下坡、施工标线及抛洒物造成的复杂环境，削弱了驾驶员态势感知。,驾驶员反应时间920ms，未及时握盘（系统接管摘要）。 | 制动有效，制动压力从28%升至57%，速度从86.2降至58.6km/h。 | 最后2秒内转向角最大4.3°，制动时转向角2°。 | TTC at brake=3.07秒，AEB提前-214ms介入。 | 环境条件：雾天、长下坡接弯、路面抛洒物、施工临时标线。 | 系统请求接管后控制权重切换，但驾驶员操作过度。
C_D1,cloud_experiment_results_C_D1_20260518_212022Z.json,34,EXP-20260518-035,L3 降级时驾驶员未响应,DRIVER_TAKEOVER_FAIL,LOW,C,D1,True,6,5,0.8333,驾驶员,驾驶员,True,0,8,0.0,5.0,5,4,126,63,1485,,,事件为L3降级时驾驶员未响应接管请求（DRIVER_TAKEOVER_FAIL），发生在苏州工业园区城市主干道，伴有侧风偏大和路面抛洒物。系统自动减速但驾驶员未握盘，风险等级低，未报告碰撞。主要风险是驾驶员注意力缺失导致接管失败，依赖系统自动减速能力。,主因为驾驶员在系统请求接管后1362毫秒内未握盘响应；次因为侧风偏大和路面抛洒物等环境因素触发系统降级请求，增加了接管紧迫性。,反应时间1362ms，驾驶员未在系统请求后及时握盘。 | 制动上升时间591ms，制动效果有效从28%增至57%。 | AEB延迟-146ms（提前介入），TTC at brake 2.18秒。 | 最大转向角4.4°，转向幅度小且波动。 | 遥测显示持续减速至55.8km/h，制动比例逐步增加。
C_D1,cloud_experiment_results_C_D1_20260518_212022Z.json,35,EXP-20260518-036,拥堵跟车系统退出未制动,DRIVER_TAKEOVER_FAIL,LOW,C,D1,True,6,4,0.6667,系统,驾驶员,False,1,7,0.1429,5.0,6,5,59,64,1224,"weather疑似矛盾: expected=多云, mentioned=['雾']",,高架匝道多雾环境下，L2级辅助驾驶系统因施工锥桶偏移触发接管请求，驾驶员未及时响应导致系统退出制动，属于低速风险事件。,主因为驾驶员接管响应不足（反应时间920ms，未握盘）；次因为系统在复杂交互场景下感知受限，规划请求接管后控制权重切换存在延迟。,遥测显示系统连续制动4.2秒，制动深度从28%增至57%，车速降低51%。 | 端侧信号中brakeEffective为true，AEB延迟-251ms（提前触发）。 | 驾驶员接管摘要明确未及时握盘，反应时间920ms。 | 环境含施工锥桶偏移与反光车道线，增加感知复杂度。 | 风险模型输出DRIVER_TAKEOVER_FAIL置信偏高。 | 方向盘在事件前最大偏转5.7°，未构成有效规避动作。
C_D1,cloud_experiment_results_C_D1_20260518_212022Z.json,36,EXP-20260518-037,驾驶员误踩加速踏板,DRIVER_TAKEOVER_FAIL,HIGH,C,D1,True,6,3,0.5,系统,驾驶员,False,0,4,0.0,5.0,6,5,96,87,1317,,,在深圳南山区施工借道段，自动驾驶系统因前车急刹请求驾驶员接管，但驾驶员未及时正确响应（可能误踩加速踏板或未握盘），导致碰撞风险。系统虽执行了风险最小化减速，但最终未能避免事故，等级为HIGH。,主因：驾驶员在系统请求接管后未正确操作（误踩加速踏板或未握盘），接管动作不当。次因：施工借道段车道线模糊、前车急刹，系统触发接管但驾驶员反应时间较长（965ms）且动作失误。,系统在t=-4200ms开始减速，刹车深度达100% | 驾驶员反应时间965ms（从系统请求到首次动作） | 刹车深度在t=-950ms从100%短暂降至87% | 施工借道段车道线模糊 | 前车制动灯亮起触发系统风险预测 | 端侧风险模型输出DRIVER_TAKEOVER_FAIL置信偏高
C_D1,cloud_experiment_results_C_D1_20260518_212022Z.json,37,EXP-20260518-038,团雾突发能见度骤降,ENVIRONMENT_DISTURB,HIGH,C,D1,True,6,5,0.8333,驾驶员,驾驶员,True,1,7,0.1429,5.0,5,5,123,99,1622,"weather疑似矛盾: expected=小雨, mentioned=['雨', '雾']",,团雾导致隧道入口能见度骤降，小雨路面湿滑，行人突然横穿，L2辅助驾驶系统虽检测到风险并执行减速，但反应时间（798ms）及制动上升时间（344ms）较长，制动效果不足，最终低速碰撞。主要风险为环境突变下感知-决策-执行链的协同延迟与制动效能衰减。,主因为团雾能见度骤降与行人横穿导致感知目标关联困难，系统反应时间偏长；次因为制动上升时间较长且制动有效标志为false，结合小雨湿滑路面，制动减速度未能持续最大，转向幅度（7.4°）也未能有效避让。,遥测显示制动开度从t=-3550ms的48%升至t=-1600ms的100%，但减速度未同步快速上升，提示制动效能不足。 | 反应时间798ms高于典型AEB触发阈值（通常500-600ms），增加了碰撞风险。 | 制动上升时间344ms较长，导致减速度建立滞后。 | 最大转向7.4°出现在最后2秒，但车辆未大幅偏转，可能受限于转向执行器响应或驾驶员未接手。 | 环境数据确认小雨、团雾、隧道入口及行人横穿，为复合高风险场景。
C_D1,cloud_experiment_results_C_D1_20260518_212022Z.json,38,EXP-20260518-039,路面结冰侧滑,ENVIRONMENT_DISTURB,LOW,C,D1,True,6,3,0.5,驾驶员,环境,False,1,7,0.1429,5.0,5,5,109,66,1451,"severity疑似矛盾: expected=LOW, mentioned=['MEDIUM']",,该事故发生于武汉东湖高新区，长下坡接弯路段叠加雾天、路面结冰及施工临时标线干扰，慢车占道迫使驾驶员紧急减速，但因附着系数极低导致制动效能不足，车辆侧滑失控。主要风险为环境扰动（结冰/雾）与道路几何耦合下的人机协同失效。,主因：路面结冰导致附着系数突变，制动与转向无法有效产生减速度；次因：雾天能见度降低及施工标线干扰，驾驶员对弯道和慢车占道的预判不足。,遥测显示车速从77.5km/h降至49.9km/h，减速度从-0.9升至-4.2m/s²，制动从28%增至57%。 | AEB提前触发478ms，但制动有效标记为false。 | 端侧风险模型判定为ENVIRONMENT_DISTURB，置信偏高。 | 环境记录为雾天、长下坡接弯、慢车占道、施工临时标线。 | 驾驶员接管摘要显示无明确接管请求或已恢复手动。
C_D1,cloud_experiment_results_C_D1_20260518_212022Z.json,39,EXP-20260518-040,强光逆光相机失效,ENVIRONMENT_DISTURB,HIGH,C,D1,True,6,5,0.8333,驾驶员,系统,False,0,9,0.0,5.0,6,5,105,96,1580,,,该事件为高架匝道环境下，因雾和逆光导致视觉感知降级，前车急刹时系统虽执行高效减速（从53.5km/h降至5.2km/h），但因感知未能及时确认前车制动灯，增加了碰撞风险。严重等级为HIGH，属于环境扰动类事故。,主因为环境扰动（雾和逆光）造成视觉感知失效，未能准确识别前车制动灯；次因为多传感器融合在短时遮挡恢复时目标关联延迟，导致制动起始时间偏晚（反应时间842ms），但AEB提前介入补偿了部分延迟。,遥测数据显示制动从36%升至100%仅用约1.3秒，减速度峰值-11.37m/s²。 | 反应时间842ms，制动上升时间552ms，符合AEB介入特征。 | TTC at brake为2.09秒，表明制动时机在碰撞前2秒。 | 最大转向角4.9°，说明横向控制有限，以减速为主。 | 端侧风险模型判定ENVIRONMENT_DISTURB置信偏高。 | 环境数据包括雾、高架匝道、前车制动灯亮起、车道线反光。
C_D1,cloud_experiment_results_C_D1_20260518_212022Z.json,40,EXP-20260518-041,横风高架桥面偏移,ENVIRONMENT_DISTURB,MEDIUM,C,D1,True,6,3,0.5,驾驶员,系统,False,1,7,0.1429,5.0,6,5,152,71,1924,"weather疑似矛盾: expected=大雨, mentioned=['雨']",,2025年2月20日，上海浦东快速路大雨环境下，一辆自动驾驶车辆在横风高架桥面遭遇相邻车道变道挤压，同时受施工临时标线干扰，系统决策请求人工接管并执行风险最小化减速。事件等级MEDIUM，主要风险为环境扰动与交通参与者交互导致的横向偏移，人工接管后的控制权重切换与制动效果部分有效，但最终仍发生偏移事故。,主因为相邻车道车辆变道挤压叠加横风干扰，导致车辆横向偏移超出系统安全边界；次因为施工临时标线降低车道线识别可靠性，使横向控制难以精准维持车道。,遥测数据连续5秒制动从30%线性升至76%，车速从63.6km/h降至26.8km/h，减速持续。 | 转向角在最后2秒内最大偏移9.0°，且t=-1600ms时从1.7°突变至-0.4°，表明剧烈横向修正。 | TTC at brake为1.93秒，制动有效但AEB提前触发（aebDelayMs为负值-497ms），系统提前介入。 | 端侧风险模型输出ENVIRONMENT_DISTURB高置信度，需云端复盘证据链一致性。 | 施工临时标线可能被误识别或置信度低，导致横向控制参考错误。 | 大雨天气降低摄像头与雷达的有效探测范围，加剧多目标关联难度。
C_D1,cloud_experiment_results_C_D1_20260518_212022Z.json,41,EXP-20260518-042,积水水滑,ENVIRONMENT_DISTURB,HIGH,C,D1,True,6,5,0.8333,驾驶员,系统,False,2,8,0.25,5.0,5,5,127,112,1729,"severity疑似矛盾: expected=HIGH, mentioned=['MEDIUM']；weather疑似矛盾: expected=多云, mentioned=['雨']",,本次事件为自动驾驶车辆在积水城市主干道上，因前车急刹触发系统减速，但积水导致路面附着系数降低，制动减速度超出轮胎附着极限，出现打滑迹象。系统曾请求人工接管但未明确响应，最终可能发生失控或近距离接近碰撞。主要风险包括湿滑路面下制动效能下降和转向稳定性不足。,主因：积水湿滑路面使轮胎附着系数显著降低，系统规划的风险最小化减速策略（减速度-10.47m/s²）超出附着极限，导致制动失效或侧滑。次因：施工临时标线可能干扰感知或车道保持，且AEB/稳定控制系统在低附着条件下响应不充分。,遥测显示制动减速度持续增大至-10.47m/s²，超出常见湿滑路面附着极限（约0.3-0.4g）。 | 端侧信号中brakeEffective为false，直接表明制动未能有效减速。 | 最大转向角最后2秒达8.4°，且有大幅转向变化（如t=-770ms时2.8°），表明系统尝试横向避让但可能失控。 | 施工临时标线增加了感知不确定性，可能影响车道保持或路径规划。 | 反应时间500ms，制动上升时间589ms，符合典型系统响应，但后续制动效果因路面变差。
C_D1,cloud_experiment_results_C_D1_20260518_212022Z.json,42,EXP-20260518-043,夜间无照明行人横穿,ENVIRONMENT_DISTURB,MEDIUM,C,D1,True,6,4,0.6667,驾驶员,环境,False,1,7,0.1429,5.0,6,5,211,109,1703,"weather疑似矛盾: expected=大雨, mentioned=['雨', '夜间']",,2026年5月18日凌晨，成都高新区快速路大雨环境下，自动驾驶车辆（AUTONOMOUS）遭遇前方车辆减速未打灯的环境扰动（ENVIRONMENT_DISTURB，中等严重度）。系统感知到复杂交互场景后规划风险最小化减速并请求人工接管，但实际制动效果不足（brakeEffective false），TTC仅2.99秒。事件本质是因能见度低与突发的交通行为变化导致的感知-决策-控制链响应不足，属于典型环境干扰类事故风险。,主因：前方车辆在快速路大雨环境下突然减速且未开启尾灯，构成不可预期的环境扰动；次因：自动驾驶系统感知模块在短时遮挡恢复后未能及时准确关联目标，导致制动时机偏晚（AEB介入延迟），且制动执行机构响应未能有效降低碰撞动能。,事故前遥测显示5.2秒内车速从85.5km/h降至48.7km/h，制动深度从30%升至76% | 派生信号表明AEB介入延迟509ms（aebDelayMs=-509），即制动开始早于AEB触发 | TTC at brake为2.99秒，brakeEffective为false，说明减速不足 | 环境信息明确为大雨、快速路、前车减速未打灯 | 感知决策链提及‘短时遮挡恢复’，暗示目标跟踪不连续 | 端侧风险模型输出ENVIRONMENT_DISTURB高置信度，建议云端复盘证据链一致性
C_D1,cloud_experiment_results_C_D1_20260518_212022Z.json,43,EXP-20260518-044,人-车-路-环境多因素叠加,MULTI_FACTOR,MEDIUM,C,D1,True,6,4,0.6667,驾驶员,驾驶员,True,0,9,0.0,5.0,6,5,129,82,1802,,,本次事故发生于深圳南山区高架匝道，多云天气，施工临时标线。人工驾驶状态下，车辆在匝道汇流区域因多目标交互、短时遮挡恢复后驾驶员反应延迟（434ms）及系统减速策略耦合不足，导致碰撞风险。主要风险包括复杂匝道场景下的感知遮挡、人机响应时序不匹配及环境因素叠加。,主因：驾驶员在匝道汇流冲突中反应延迟（434ms），制动及转向操作未能有效规避碰撞。次因：系统风险最小化减速策略与人工操控的权重切换不顺畅，且施工标线干扰路径预测。,事故前4.2秒至1.6秒，车速从64.7km/h降至27.9km/h，制动力度从30%升至76%后微降至72%。 | 驾驶员反应时间434ms（端侧信号），制动上升时间583ms，AEB提前474ms触发且制动有效。 | TTC at Brake为1.51秒，提示制动时距碰撞时间短。 | 转向角在最后2秒内最大3.0°，实际转向指令在-3550ms右3.4°、-2900ms左1.3°、-1600ms右4.1°，呈摇摆。 | 系统规划层请求人工接管，但自动驾驶状态标记为MANUAL，存在控制权归属冲突。 | 天气多云，路面有施工临时标线，增加场景复杂度。
C_D1,cloud_experiment_results_C_D1_20260518_212022Z.json,44,EXP-20260518-045,施工改道+感知降级+驾驶员分心,MULTI_FACTOR,MEDIUM,C,D1,True,6,6,1.0,驾驶员,驾驶员,True,1,10,0.1,5.0,6,5,117,65,1494,"weather疑似矛盾: expected=冰雪, mentioned=['雪']",,2026年5月18日，广州黄埔区快速路冰雪环境下，因施工改道导致临时标线混乱，驾驶员在手动驾驶时分心，系统虽提前感知风险并请求接管，但驾驶员未及时有效响应，最终在匝道汇流区域发生中等级别碰撞事故。核心风险为人因分心与环境感知降级叠加。,主因为驾驶员分心，未及时响应系统接管请求及风险减速；次因为冰雪与施工标线导致环境感知降级，系统仅能执行有限制动，无法完全避免碰撞。,车辆制动深度从30%线性增至76%，符合风险最小化策略 | 反应时间578ms，制动上升时间594ms，均属偏高水平 | 最大转向角度4.7°出现在最后2秒，但未持续 | TTC at brake=2.45s，表明制动触发较晚 | 系统在t=-4200ms即开始减速，比驾驶员首次操控早约3400ms | AEB延迟-209ms，表明AEB实际早于驾驶员制动触发
C_D1,cloud_experiment_results_C_D1_20260518_212022Z.json,45,EXP-20260518-046,恶劣天气+跟车过近+AEB 保守策略,MULTI_FACTOR,MEDIUM,C,D1,True,6,5,0.8333,驾驶员,环境,False,1,7,0.1429,5.0,6,5,157,103,1594,"weather疑似矛盾: expected=大雨, mentioned=['雨']",,事故发生在苏州工业园区城市主干道，天气恶劣（大雨），车辆手动驾驶状态下因跟车过近且前方慢车占道，驾驶员紧急制动但碰撞仍发生。AEB系统提前介入（aebDelayMs=-163），但制动减速度与转向协同不足，端侧风险模型判为多因素综合作用。数据表明人-系统-环境交互失效是本质风险，需优化传感器融合及AEB触发策略。,主因为恶劣天气（大雨）导致路面湿滑、视线受限，叠加跟车过近（初始64km/h，TTC仅2.92s）。次因为AEB介入时机虽早但制动效能受限于路面附着力，且驾驶员转向幅度小（最大4.3°），未能有效避让慢车。,遥测显示车速从64km/h持续降至27.2km/h，制动百分比从30%升至76%。 | 端侧报告aebDelayMs=-163，表明AEB介入早于驾驶员制动（TTC=2.92s）。 | 最大转向角4.3°，远小于紧急避让典型值，说明车道变更有限。 | 环境标注大雨、慢车占道、车道线反光，降低感知与抓地力。 | 无明确接管请求或已恢复手动，暗示驾驶员全程主控。 | 车载边缘节点已上传摘要哈希（模拟链上存证），保证数据完整性。
C_D1,cloud_experiment_results_C_D1_20260518_212022Z.json,46,EXP-20260518-047,匝道+大车遮挡+前车急刹,MULTI_FACTOR,HIGH,C,D1,True,6,6,1.0,驾驶员,驾驶员,True,1,9,0.1111,5.0,6,5,104,72,1556,"weather疑似矛盾: expected=小雨, mentioned=['雨']",,该事故发生于深圳南山区施工借道段，小雨天气，因行人突然横穿，叠加匝道、大车遮挡及前车急刹等多重因素，导致手动驾驶车辆紧急制动但未能避免碰撞。风险等级高，原因复杂，单一因素不足以解释全链路，属于多因素耦合事故。,主因为行人突然横穿道路，导致驾驶员避险反应时间不足。次因为施工借道段视野受限、小雨路面湿滑及视线模糊、大车遮挡加剧盲区，以及前车急刹的连锁影响。,遥测显示持续减速，最大减速度-9.7m/s²，制动深度达100%。 | 反应时间827ms，符合典型驾驶员反应范围。 | AEB延迟-237ms，表明AEB可能在驾驶员制动前0.237s已触发。 | 最后2秒最大转向角6.3°，显示避让意图。 | 风险模型判定为MULTI_FACTOR，置信偏高。 | 环境：小雨、施工借道段、行人横穿。
C_D1,cloud_experiment_results_C_D1_20260518_212022Z.json,47,EXP-20260518-048,夜间+眩光+非机动车占道,MULTI_FACTOR,HIGH,C,D1,True,6,5,0.8333,驾驶员,驾驶员,True,1,8,0.125,5.0,6,6,118,82,1940,"weather疑似矛盾: expected=晴, mentioned=['夜间']",,2026年5月18日杭州滨江施工借道段，夜间眩光与非机动车占道叠加导致L2辅助驾驶车辆未能有效避让前车急刹。系统制动有效标记为false，尽管触发AEB并执行转向，仍发生碰撞。事件为多因素综合致因，涉及感知受限、策略响应不足及环境干扰。,主因：系统在复杂交互场景下制动执行有效不足（制动有效false），且驾驶员接管不明确。次因：环境因素（施工借道标线模糊、夜间眩光、非机动车占道）加剧感知与决策难度。,遥测显示制动从36%升至100%但制动有效false | 反应时间825ms，制动上升时间409ms | TTC在制动开始时为2.0秒 | 最后2秒内最大转向6.5度 | 端侧风险模型标记为MULTI_FACTOR置信偏高 | 驾驶员接管摘要为“无明确接管请求或已恢复手动”
C_D1,cloud_experiment_results_C_D1_20260518_212022Z.json,48,EXP-20260518-049,系统提示弱+环境复杂+接管犹豫,MULTI_FACTOR,HIGH,C,D1,True,6,4,0.6667,驾驶员,驾驶员,True,1,7,0.1429,5.0,6,5,166,89,2041,"weather疑似矛盾: expected=多云, mentioned=['雨']",,在南京雨花台区快速路上，一辆L2级辅助驾驶车辆在施工区域未完全封闭的多云环境下，因系统提示弱、驾驶员接管犹豫，导致多重因素叠加的HIGH等级事故。遥测数据显示车辆在4.2秒内从48.6km/h减速至5.2km/h，制动深度波动且AEB激活延迟，TTC仅2.54秒，最终制动效果未完全避免碰撞，属于典型的人-系统-环境三因素耦合事故。,主因：施工区域未完全封闭且车道线反光，导致多传感器融合感知受限，规划层请求接管但控制权重切换异常，制动与转向协调不足。次因：驾驶员在系统提示弱背景下接管犹豫，未及时弥补感知盲区。,遥测显示制动深度从36%增至100%后回落至87%再达100%，存在人-系统干预交替。 | TTC=2.54秒时制动开始，但AEB延迟-152ms，制动有效标志为false。 | 最大转向角3.0°出现在最后2秒，表明紧急避让动作。 | 施工区域未完全封闭，车道线反光从环境角度增加感知难度。 | 系统规划请求人工接管，但端侧信号显示无明确接管请求或已恢复手动。 | 速度从48.6km/h降至5.2km/h，耗时约3.43秒，平均减速度约3.5m/s²，低于最大可用减速度。
C_D1,cloud_experiment_results_C_D1_20260518_212022Z.json,49,EXP-20260518-050,多车交互+信号延迟+制动不足,MULTI_FACTOR,HIGH,C,D1,True,6,4,0.6667,驾驶员,驾驶员,True,1,6,0.1667,5.0,6,5,138,96,1437,"weather疑似矛盾: expected=小雨, mentioned=['雨']",,2026年5月18日武汉东湖高新区城市主干道小雨天气下，本车（自动驾驶状态）因前车急刹触发多因素耦合事故。传感器感知正确但制动响应存在延迟（反应时间935ms，AEB触发延迟-363ms），且湿滑路面导致制动效能下降，最终在速度降至5.2km/h时仍发生碰撞，严重度HIGH。,主因为前车急刹后本车制动响应延迟（反应时间935ms）及AEB触发延迟（-363ms），次因为小雨路面湿滑导致制动减速度不足（最大-10.27m/s²低于干燥路面预期），共同导致碰撞不可避免。,反应时间935ms，AEB触发延迟-363ms，制动响应偏慢。 | 最大制动减速度-10.27m/s²，低于干燥路面典型值。 | 前车急刹制动灯亮起被多传感器正确感知。 | 规划层请求人工接管但未执行有效接管。 | 湿滑路面（小雨）是显著环境因素。 | 事故严重度HIGH，多因素耦合。
C_D2,cloud_experiment_results_C_D2_20260518_212450Z.json,0,EXP-20260518-001,追尾碰撞（跟车过近）,COLLISION,HIGH,C,D2,True,6,6,1.0,驾驶员,驾驶员,True,0,9,0.0,5.0,6,5,167,94,1893,,,2026年5月18日苏州工业园区隧道入口发生一起L2辅助驾驶追尾碰撞事故，等级HIGH。事故时隧道入口有雾，施工区域未完全封闭。驾驶员反应时间888ms偏长，制动上升时间412ms迟缓，系统AEB在碰撞前775ms介入但制动效果不足，最终以-1.8m/s²峰值减速度碰撞。事件暴露出人机协同下纵向安全距离不足及环境信息预警缺失的风险。,主因为驾驶员反应时间过长（888ms）且制动上升缓慢（412ms），导致有效制动建立过晚；次因为施工区域未封闭完全形成突发障碍，且系统AEB介入时刻偏晚（-775ms），未能弥补人为迟滞。,反应时间888ms，超过800ms阈值，表明驾驶员注意力可能分散或预警不足。 | 制动上升时间412ms，从20%到80%踏板行程耗时过长，导致制动响应滞后。 | 系统AEB介入时刻为碰撞前775ms，TTC为2.35s，但制动效果不足，最终碰撞速度仍约5.9km/h。 | 遥测数据显示碰撞前4.2秒车速63km/h，制动逐步增强但减速度未达最大，直到最后0.3s才出现-10.62m/s²峰值。 | 施工区域未封闭完全且隧道入口有雾，环境因素显著增加了障碍可预测难度。 | 端侧风险模型预判COLLISION置信偏高，建议云端复盘侧重证据链一致性。
C_D2,cloud_experiment_results_C_D2_20260518_212450Z.json,1,EXP-20260518-002,侧向刮擦（变道冲突）,COLLISION,HIGH,C,D2,True,6,6,1.0,驾驶员,驾驶员,True,0,7,0.0,5.0,6,5,132,84,1411,,,本次事故为城市主干道晴好天气下的侧向刮擦（变道冲突），前车急刹制动灯亮起，本车驾驶员反应时间过长（1299ms）是主要风险，AEB介入偏晚（-361ms），尽管制动上升迅速且峰值减速度达-1.8m/s²，仍未能避免碰撞。主要风险源于驾驶员的延迟反应与系统触发时序。,主因为驾驶员反应时间过长（1299ms，超出1200ms阈值），导致制动时机偏晚；次因为AEB系统在碰撞前361ms才介入，未能有效弥补反应延迟，且未触发紧急换道策略。,驾驶员反应时间1299ms，超过1200ms安全阈值 | 制动上升时间365ms，制动操作果断 | 峰值减速度-1.8m/s²（责任分析字段），碰撞级制动 | AEB介入时间点-361ms（碰撞前） | 制动时TTC 1.62s，时距尚可但反应延迟导致制动晚 | 事故前3秒平均车速35.8km/h，从高速急减速
C_D2,cloud_experiment_results_C_D2_20260518_212450Z.json,2,EXP-20260518-003,静止障碍碰撞,COLLISION,LOW,C,D2,True,6,6,1.0,驾驶员,驾驶员,True,0,7,0.0,5.0,6,5,132,110,1349,,,2026年5月18日在西安高新区城市主干道上发生的低速碰撞事故，涉及手动驾驶车辆与前方慢速占道车。驾驶员反应时间783ms尚可，但制动上升时间545ms偏长，导致制动效能不足；AEB系统在碰撞前293ms才介入，未能避免碰撞。主要风险为人因制动迟缓与系统响应延迟。,主因：驾驶员制动上升时间过长（545ms），导致制动请求建立缓慢，未能及时减速。次因：AEB系统介入时间过晚（-293ms）且未提前预判；前方慢车占道场景下相对速度差较大，TTC估算2.41s虽可接受但实际制动表现不足。,驾驶员反应时间783ms，处于可接受区间。 | 制动上升时间545ms，远高于典型值（通常<300ms），导致制动迟滞。 | AEB介入时刻-293ms，碰撞前极晚，未能有效减速。 | 事故前3秒平均车速74km/h，碰撞时约60km/h。 | 制动踏板开度从28%线性增至57%，未达到强制动水平。 | 方向盘转角最大3.9度，无紧急转向避让意图。
C_D2,cloud_experiment_results_C_D2_20260518_212450Z.json,3,EXP-20260518-004,倒车碰撞非机动车,COLLISION,LOW,C,D2,True,6,5,0.8333,驾驶员,驾驶员,True,0,8,0.0,5.0,5,5,124,72,1244,,,L2辅助驾驶车辆在成都高新区收费站广场倒车碰撞非机动车，事故等级LOW。主因驾驶员反应时间偏长（1150ms）导致纵向安全距离不足，次因系统AEB介入时机偏晚（碰撞前0.669s）。环境因素包括路面抛洒物增加处理难度，但制动过程果断，碰撞后果较轻。,主因：驾驶员注意力不足，反应时间1150ms（>800ms）导致制动延迟；次因：系统AEB触发较晚（-669ms），未能提前补偿驾驶员反应滞后。,反应时间1150ms，偏长于典型值800ms | 制动上升时间330ms，制动果断 | AEB介入时机-669ms，TTC 2.39s | 事故前3s均速60.0 km/h，持续减速 | 责任比例：驾驶员58%、系统30%、环境12%
C_D2,cloud_experiment_results_C_D2_20260518_212450Z.json,4,EXP-20260518-005,环岛内连环碰撞,COLLISION,MEDIUM,C,D2,True,6,6,1.0,驾驶员,驾驶员,True,0,8,0.0,5.0,6,5,118,78,1413,,,南京雨花台区环岛内施工借道段发生连环碰撞，驾驶员反应时间过长（1334ms）且制动上升缓慢（282ms），AEB提前634ms介入但仍无法避免碰撞。主要风险为驾驶员纵向控制不足及系统舒适制动策略未适应高风险场景，最终导致中等严重度事故。,主因为驾驶员反应迟滞（反应时间>1200ms）及制动操作迟缓（制动上升282ms），次因为AEB介入后制动建立过程缓慢，且系统未触发紧急换道或更强制动策略。,反应时间1334ms，超过1200ms安全阈值。 | 制动上升时间282ms，反映驾驶员制动响应慢。 | AEB触发时间-634ms，但制动未有效建立（brakeEffective false）。 | 事故前均速38.6km/h，TTC 2.21s。 | 最大转向角4.5°，无紧急转向动作。 | 责任分析显示驾驶员68%责任，系统22%，环境10%。
C_D2,cloud_experiment_results_C_D2_20260518_212450Z.json,5,EXP-20260518-006,匝道末端减速不及,COLLISION,MEDIUM,C,D2,True,6,6,1.0,驾驶员,驾驶员,True,1,8,0.125,5.0,6,5,108,79,1141,"weather疑似矛盾: expected=小雨, mentioned=['雨']",,上海浦东隧道入口小雨环境下，自动驾驶车辆因前车慢速占道，自车反应时间过长（1269ms）导致纵向安全距离不足，尽管制动果断但AEB介入延迟，最终发生中等级别追尾碰撞。主要风险为系统感知与决策规划对慢车场景的响应滞后。,主因：驾驶员反应时间过长（1269ms，高于1200ms阈值），显著增加碰撞风险；次因：AEB介入延迟（-602ms），且规划层未触发紧急换道或更早的强制动。,反应时间1269ms > 1200ms，显著增加碰撞风险 | 制动上升时间495ms，制动果断 | AEB介入时刻为碰撞前602ms，延迟明显 | 制动时TTC为2.94s，时距尚可 | 事故前3s均速40.3km/h，减速梯度合理 | 端侧风险模型置信偏高，建议复盘证据链一致性
C_D2,cloud_experiment_results_C_D2_20260518_212450Z.json,6,EXP-20260518-007,隧道内低速追尾,COLLISION,MEDIUM,C,D2,True,6,4,0.6667,驾驶员,驾驶员,True,2,9,0.2222,5.0,6,5,103,71,1299,"severity疑似矛盾: expected=MEDIUM, mentioned=['LOW']；weather疑似矛盾: expected=冰雪, mentioned=['雪']",,在冰雪快速路隧道内，手动驾驶车辆因驾驶员反应时间过长（1221ms）且制动操作迟缓，在行人靠近路缘场景下发生追尾碰撞。主要风险是驾驶员在低附着力路面上对突发障碍的感知与响应不足，同时AEB系统介入时机偏晚。,主因是驾驶员反应时间过长（1221ms）导致制动启动偏晚，次因是冰雪路面降低制动效能及AEB在碰撞前525ms才介入，未能充分补偿驾驶员延迟。,反应时间1221ms超安全范围 | 制动上升时间532ms偏长 | 碰撞前车速从49.3km/h降至15km/h | AEB在碰撞前525ms介入 | 制动时TTC 2.11s | 冰雪路面条件
C_D2,cloud_experiment_results_C_D2_20260518_212450Z.json,7,EXP-20260518-008,NOA 异常退出未提示,AUTOPILOT_FAULT,HIGH,C,D2,True,6,5,0.8333,系统,系统,True,0,6,0.0,5.0,6,5,163,123,2055,,,本次事故发生在园区内部路，系统为NOA自动辅助驾驶状态，因右侧车辆强行切入，智驾系统发生目标跟踪ID切换导致纵向目标丢失120ms，进而触发最小风险轨迹重算，但横向振荡抑制不足且降级提示与制动力建立不同步，驾驶员反应时间730ms虽在可接受范围，但最终发生碰撞。主要风险为系统感知、决策与控制链路异常，以及人机交互提示不充分。,主因：智驾系统感知层目标跟踪ID切换导致纵向目标丢失120ms，规划层请求最小风险轨迹重算后横向振荡抑制不足，控制层降级提示与制动力建立不同步（AEB介入-880ms）。次因：驾驶员反应时间730ms虽属可接受区间，但未能在系统异常初期及时接管。,系统日志记录降级原因码，但未触发驾驶员接管请求 | 目标跟踪ID切换导致纵向目标丢失120ms | 反应时间730ms，处于可接受区间（但需复盘人因） | AEB介入-880ms，早于驾驶员反应，但制动协调延迟 | 侧风偏大（无具体数值），右侧车辆强行切入为外部诱因 | 事故前3s均速29.7km/h，最终碰撞速度较低
C_D2,cloud_experiment_results_C_D2_20260518_212450Z.json,8,EXP-20260518-009,横向控制振荡诱发偏离,AUTOPILOT_FAULT,LOW,C,D2,True,6,4,0.6667,系统,驾驶员,False,1,7,0.1429,5.0,6,5,103,70,1089,"weather疑似矛盾: expected=小雨, mentioned=['雨']",,本次事故为智驾系统横向控制振荡引发的偏离事件，发生于西安高新区收费站广场小雨环境，涉及施工锥桶偏移。主因是系统降级时横向振荡抑制不足，次因是驾驶员接管虽及时但未完全避免碰撞，环境小雨和施工场景增加了复杂性。,主因：智驾系统横向控制振荡及降级提示与制动力建立不同步，导致车辆偏离车道；次因：驾驶员对系统降级响应虽及时（650ms）但未能完全避免碰撞。,事故前3秒均速70.6km/h | 制动时TTC为2.95秒 | 感知目标跟踪丢失120ms | 规划请求MRM前横向振荡抑制不足 | 制动上升时间361ms（20%→80%） | 环境小雨及施工锥桶偏移
C_D2,cloud_experiment_results_C_D2_20260518_212450Z.json,9,EXP-20260518-010,感知误检导致误制动,AUTOPILOT_FAULT,HIGH,C,D2,True,6,6,1.0,系统,系统,True,0,7,0.0,5.0,6,5,136,106,1285,,,武汉东湖高新区高架匝道（雾）发生一起智驾系统异常降级导致的碰撞事故。由于感知目标跟踪ID切换丢失前车120ms，规划触发最小风险轨迹并急剧制动，驾驶员制动上升时间过长（594ms），峰值减速度达-1.8m/s²，AEB未介入，最终碰撞。主要风险为感知不稳定与制动协调延迟。,主因：感知系统目标跟踪ID切换导致前车丢失120ms，触发最小风险轨迹重算，引起非预期急剧制动。次因：驾驶员制动踏板从20%到80%耗时594ms，制动上升过慢，且系统AEB未主动介入，降级提示与制动建立不同步。,感知目标跟踪ID切换导致前车丢失120ms | 制动踏板从20%到80%上升时间594ms | 峰值减速度-1.8m/s²（碰撞级） | 系统AEB未介入（aebDelayMs=-1） | 事故前3s平均速度37.5km/h | 最后2s最大转向角8.8°
C_D2,cloud_experiment_results_C_D2_20260518_212450Z.json,10,EXP-20260518-011,规划轨迹突变,AUTOPILOT_FAULT,HIGH,C,D2,True,6,6,1.0,系统,系统,True,1,9,0.1111,5.0,6,5,184,110,1691,"severity疑似矛盾: expected=HIGH, mentioned=['LOW', 'MEDIUM']",,2026年5月18日，上海浦东新区长下坡接弯道（有雾）路段，一辆处于自动驾驶状态的车辆因智驾系统异常（规划轨迹突变）导致碰撞风险。系统感知层车道线置信度波动、目标跟踪丢失，规划层触发最小风险轨迹重算，但横向振荡抑制不足，制动协调延迟。驾驶员虽有430ms反应但制动上升缓慢（464ms），峰值减速度-1.8m/s²达到碰撞级。责任倾向系统62%，驾驶29%，环境9%。,主因：智驾系统在长下坡弯道雾天场景下，感知目标跟踪丢失120ms导致纵向规划异常，触发最小风险轨迹重算时横向振荡抑制不足，制动协调延迟。次因：驾驶员制动上升时间偏长（464ms），未能在系统降级提示后迅速建立有效制动力。,遥测显示刹车踏板100%持续超过1.5秒，但最大减速度仅-1.8m/s²，表明制动效能未充分发挥。 | 决策链记录感知层目标跟踪ID切换导致纵向目标丢失120ms。 | 规划层触发最小风险轨迹重算，但横向振荡抑制不足。 | AEB介入延迟-540ms，且降级提示与制动力建立不同步。 | 端侧风险模型预测AUTOPILOT_FAULT置信偏高。 | 驾驶员反应时间430ms，制动上升时间464ms，峰值减速度-1.8m/s²。
C_D2,cloud_experiment_results_C_D2_20260518_212450Z.json,11,EXP-20260518-012,传感器融合短时失效,AUTOPILOT_FAULT,HIGH,C,D2,True,6,6,1.0,系统,系统,True,0,7,0.0,5.0,6,5,149,94,1734,,,在苏州工业园区施工借道段，智驾系统因传感器融合短暂失效（目标跟踪ID切换导致纵向目标丢失120ms）触发降级，车辆横向振荡并制动协调延迟。驾驶员在TTC 2.96s时开始制动（反应时间525ms），制动果断但碰撞仍发生。主要风险在系统感知与决策鲁棒性，责任倾向系统70%、驾驶员20%、环境10%。,主因：传感器融合短时失效（激光雷达与视觉融合中目标跟踪ID切换，纵向目标丢失120ms），导致系统降级且MRM前横向振荡抑制不足。次因：驾驶员接管响应虽快但制动时机稍晚，且无明确接管提示。,事故前3s均速31.7km/h，表明已大幅减速。 | 感知目标跟踪ID切换导致纵向目标丢失120ms。 | AEB介入（-880ms）比驾驶员制动开始（-525ms）早355ms。 | 制动上升时间417ms，制动果断。 | 事故前2s最大横向角度8.6°，存在横向振荡。 | 系统日志记录降级原因码（AUTOPILOT_FAULT）。
C_D2,cloud_experiment_results_C_D2_20260518_212450Z.json,12,EXP-20260518-013,接管请求延迟,AUTOPILOT_FAULT,HIGH,C,D2,True,6,5,0.8333,系统,系统,True,1,6,0.1667,5.0,5,5,157,99,1572,"weather疑似矛盾: expected=小雨, mentioned=['雨']",,2026年5月18日深圳南山区快速路小雨天气下，一辆处于自动驾驶模式的车辆因前车急刹制动灯亮起，智驾系统出现目标跟踪丢失和降级提示延迟，驾驶员接管反应时间938ms偏长，最终发生碰撞。事故主因是智驾系统目标跟踪中断及降级协调不足（系统责任62%），次因是驾驶员接管响应偏慢（司机责任29%），环境因素小雨仅占9%。,主因为智驾感知模块目标跟踪ID切换导致纵向目标丢失120ms，触发最小风险轨迹重算但横向振荡抑制不足，且降级提示与制动建立不同步；次因为驾驶员接管反应时间938ms（>800ms），可能注意力分散。,系统责任62%：感知目标跟踪ID切换导致纵向目标丢失120ms。 | 驾驶反应时间938ms（>800ms），偏长但制动执行果断（上升536ms）。 | AEB提前540ms介入，但降级提示与制动力建立不同步。 | 横向振荡角峰值6.1°，表明规划层横向抑制不足。 | 环境小雨，但无直接证据证明路面附着系数下降程度。
C_D2,cloud_experiment_results_C_D2_20260518_212450Z.json,13,EXP-20260518-014,前车急刹反应滞后,DRIVER_SLOW_REACTION,LOW,C,D2,True,6,6,1.0,驾驶员,驾驶员,True,1,8,0.125,5.0,6,5,97,72,1238,"weather疑似矛盾: expected=多云, mentioned=['雨']",,高架匝道场景下，前车因路面抛洒物急刹，驾驶员制动反应时间偏长（1050ms）且跟车过近，系统AEB介入延迟，导致低速追尾。主要风险为驾驶员注意力分散及跟车距离不足，属于L2辅助驾驶下的人因事故。,主因：驾驶员制动反应时间1050ms超过800ms阈值，注意力分散或未预判前车减速。次因：路面抛洒物触发前车急刹，环境因素（多云匝道）增加风险。,反应时间1050ms（>800ms阈值），支持注意力分散推断。 | 制动上升时间431ms，显示驾驶员制动执行果断。 | AEB介入延迟-553ms，低于理想预警阈值。 | 制动时TTC=1.91s，时距尚可但不足以完全避免。 | 事故前3s均速57.9km/h，追尾速度较低。 | 责任分析驾驶员58%，系统30%，环境12%。
C_D2,cloud_experiment_results_C_D2_20260518_212450Z.json,14,EXP-20260518-015,夜间眩光下制动偏晚,DRIVER_SLOW_REACTION,HIGH,C,D2,True,6,6,1.0,驾驶员,驾驶员,True,2,8,0.25,5.0,6,5,123,89,2061,"severity疑似矛盾: expected=HIGH, mentioned=['LOW']；weather疑似矛盾: expected=小雨, mentioned=['雨', '夜间']",,夜间小雨环境下，驾驶员在隧道入口因眩光导致对突然横穿行人反应延迟（1456ms），制动上升缓慢（596ms），AEB介入较晚（-785ms），最终以极强制动（-1.8m/s²）碰撞行人。主要原因为驾驶员反应不足和跟车过近，系统与环境贡献次要因素。,主因：驾驶员反应时间过长（1456ms）及制动踏板上升率慢（596ms），导致制动时TTC仅2.12s；次因：隧道入口小雨+眩光降低行人可见性，AEB标定未充分补偿夜间横穿场景。,驾驶员反应时间1456ms，超过安全阈值1200ms，体现延迟制动。 | 制动上升时间596ms（踏板20%至80%），表明制动动作迟缓。 | AEB介入时间-785ms（碰撞前），但制动时TTC=2.12s，AEB标定可能偏保守。 | 峰值减速度-9.7m/s²，最终碰撞前车速仍为8.8km/h，碰撞动能较小。 | 事故前3s平均车速33.0km/h，初始车速71.2km/h，提示跟车距离或场景变化。 | 隧道入口小雨环境，毫米波雷达+摄像头融合感知，但端侧风险模型输出DRIVER_SLOW_REACTION。
C_D2,cloud_experiment_results_C_D2_20260518_212450Z.json,15,EXP-20260518-016,分心使用手机,DRIVER_SLOW_REACTION,LOW,C,D2,True,6,5,0.8333,驾驶员,驾驶员,True,0,7,0.0,5.0,6,5,138,83,1628,,,苏州工业园区收费站广场发生一起低速追尾事故，原因为驾驶员分心使用手机导致制动反应延迟（1309ms），跟车过近且制动上升缓慢（318ms），尽管AEB提前介入（-432ms），仍未能完全避免碰撞。责任主要归于驾驶员（68%），系统舒适性仲裁和低等级场景风险权重不足为次要因素。,主因为驾驶员注意力分散（手机使用）导致反应时间超限（1309ms）及制动操作迟缓；次因为系统AEB介入受舒适性限制，制动请求爬升速率不足，未能在驾驶员反应前有效降速。,驾驶员反应时间1309ms，超过阈值1200ms，显著贡献碰撞风险。 | 制动上升时间318ms，属于缓慢执行，减少有效制动窗口。 | AEB介入驾驶员制动前432ms，但有效制动标志为false，表明未完全避免。 | 事故前3s车速从62.8km/h降至35.2km/h，减速度最大-4.2m/s²，尚在可控范围。 | 转向最大5.2°，提示驾驶员有被动避让行为但幅度不足。 | 系统目标时距振荡（1.26s）可能影响跟车稳定性。
C_D2,cloud_experiment_results_C_D2_20260518_212450Z.json,16,EXP-20260518-017,跟车距离过近,DRIVER_SLOW_REACTION,MEDIUM,C,D2,True,6,5,0.8333,驾驶员,驾驶员,True,0,7,0.0,5.0,6,4,135,84,1659,,,2026年5月18日杭州滨江收费站广场雾天，驾驶员驾驶车辆跟车过近，前车减速未打灯，驾驶员制动反应延迟814ms，系统AEB在碰撞前761ms介入但未阻止接触，属MEDIUM等级事故。主要风险为驾驶员注意力分散或跟车距不足，叠加环境低能见度及前车信号缺失，导致碰撞风险。,主因：驾驶员制动反应时间偏长（814ms），对前车减速未及时发现；次因：跟车距离过近（制动时TTC仅3.08s），且环境雾天削弱能见度，前车未打灯进一步延迟驾驶员感知。,制动反应时间814ms，超过800ms判定阈值 | 制动上升时间547ms，踏板20%→80%过渡迅速 | AEB触发时刻为碰撞前-761ms，晚于驾驶员制动 | 制动时刻TTC为3.08秒，跟车时距偏短 | 事故前3秒平均车速55.1 km/h，制动强度逐步增强 | 环境雾天且前车减速未打灯，增加感知难度
C_D2,cloud_experiment_results_C_D2_20260518_212450Z.json,17,EXP-20260518-018,雨雾视距不足仍高速接近,DRIVER_SLOW_REACTION,MEDIUM,C,D2,True,6,4,0.6667,驾驶员,驾驶员,True,1,8,0.125,5.0,5,4,155,100,1283,"severity疑似矛盾: expected=MEDIUM, mentioned=['LOW']",,本次事故发生于南京雨花台区施工借道段，雨雾天气导致视距不足。驾驶员以约34.4km/h的平均车速接近施工区域，反应时间长达1317ms，远超过1200ms阈值，制动上升缓慢（297ms），且AEB虽提前176ms介入但未能有效避免碰撞。主要风险为驾驶员反应过缓与跟车过近，系统辅助效果受限，环境因素加剧了风险。,主因为驾驶员反应时间过长（1317ms）及制动上升缓慢（297ms），导致制动效能不足；次因为施工借道段雨雾环境降低视距，同时系统AEB介入虽早但制动请求爬升受舒适性仲裁限制，未能充分弥补驾驶员迟滞。,反应时间1317ms，超过1200ms阈值 | 制动上升时间297ms，制动迟缓 | AEB提前176ms介入但未避免碰撞 | 制动时TTC为2.81s，时距尚可但制动无效 | 事故前3s平均车速34.4km/h，接近施工区
C_D2,cloud_experiment_results_C_D2_20260518_212450Z.json,18,EXP-20260518-019,匝道汇流未预留时距,DRIVER_SLOW_REACTION,HIGH,C,D2,True,6,6,1.0,驾驶员,驾驶员,True,1,8,0.125,5.0,6,5,144,103,1467,"severity疑似矛盾: expected=HIGH, mentioned=['LOW']",,在城市主干道晴好条件下，L2辅助驾驶车辆在匝道汇流时因驾驶员反应迟缓（894ms）且制动上升缓慢（628ms），未能预留足够时距，以约41.8km/h速度追尾静止排队车龙末端，导致碰撞。事故主因是驾驶员注意力分散或跟车过近，系统AEB介入延迟（-493ms）及环境因素（静止车龙）为次因。,主因：驾驶员制动反应时间偏长（894ms）且制动上升速率不足（628ms），导致有效制动延迟。次因：系统AEB介入较晚（-493ms）且制动请求受舒适性仲裁影响，峰值减速度仅-1.8m/s²不足以避免碰撞。,反应时间894ms超800ms阈值，表明驾驶员预判不足 | 制动上升时间628ms，踏板响应慢，加剧迟滞 | 峰值减速度-1.8m/s²（碰撞级），实际碰撞瞬间减速度达-9.97m/s² | AEB介入时刻为-493ms，晚于理想触发点 | TTC at brake 1.92s，时距不足以完成平稳减速 | 事故前3秒均速41.8km/h，制动初期速度仍较高
C_D2,cloud_experiment_results_C_D2_20260518_212450Z.json,19,EXP-20260518-020,AEB 触发过晚,AEB_DELAY_OR_MISS,HIGH,C,D2,True,6,5,0.8333,系统,系统,True,1,7,0.1429,5.0,6,5,141,110,1706,"severity疑似矛盾: expected=HIGH, mentioned=['LOW']",,在上海浦东长下坡接弯场景中，前车急刹制动灯亮起，自车AEB触发过晚（延迟320ms），驾驶员反应时间636ms，制动峰值减速度-9.84m/s²，最终以9km/h低速碰撞。系统与驾驶员共同责任（系统47%、驾驶41%、环境12%），主要风险为AEB与FCW仲裁延迟及长下坡弯道环境。,主因：AEB触发延迟（-320ms），在FCW警告后未能及时介入，与前车相对距离缩短至危险阈值。次因：驾驶员反应时间636ms虽在可接受区间，但弯道长下坡环境加剧制动需求，且系统目标时距振荡（1.36s）影响了制动响应。,制动上升时间535ms，峰值减速度-1.8m/s²，制动果断有力。 | AEB触发延迟320ms，在FCW后未及时介入。 | 目标时距振荡（1.36s），系统规划阶段存在不稳定。 | 长下坡接弯环境，增加制动距离和感知挑战。 | 驾驶员反应时间636ms，在可接受区间内。 | 端侧风险模型确认AEB_DELAY_OR_MISS置信偏高。
C_D2,cloud_experiment_results_C_D2_20260518_212450Z.json,20,EXP-20260518-021,静态目标未识别,AEB_DELAY_OR_MISS,HIGH,C,D2,True,6,6,1.0,系统,系统,True,1,8,0.125,5.0,6,5,140,90,1548,"weather疑似矛盾: expected=冰雪, mentioned=['雪']",,在北京市亦庄城市主干道冰雪条件下，车辆以约36km/h速度行驶时，对未完全封闭的施工区域静态目标出现AEB延迟或未触发，导致碰撞。事故等级HIGH。系统响应时间偏长（956ms），制动减速度峰值-1.8m/s²，驾驶员反应时间亦较长。责任倾向：系统48%、驾驶员43%、环境9%。,主因为AEB系统对静态施工区域目标识别延迟，感知融合对未完全封闭的施工区域风险权重上调不足，导致制动介入偏晚（-1450ms）。次因驾驶员反应时间956ms偏长，未及时接管或制动。,反应时间956ms，超过800ms阈值，显示驾驶员注意力不集中。 | AEB介入时刻-1450ms，TTC=2.25s，时距尚可但介入偏晚。 | 制动上升时间358ms（20%→80%），制动果断。 | 峰值减速度-1.8m/s²，极强制动，接近冰雪路面附着极限。 | 事故前3s均速36.3km/h，低于城市限速但冰雪条件下仍偏高。 | 感知融合对施工区域风险权重上调不足，导致静态目标识别延迟。
C_D2,cloud_experiment_results_C_D2_20260518_212450Z.json,21,EXP-20260518-022,FCW 报警后 AEB 未跟进,AEB_DELAY_OR_MISS,MEDIUM,C,D2,True,6,5,0.8333,系统,驾驶员,False,1,7,0.1429,5.0,6,5,117,95,1348,"weather疑似矛盾: expected=冰雪, mentioned=['雪']",,在冰雪长下坡接弯场景中，系统FCW报警后AEB未及时跟进，导致驾驶员主动制动但碰撞风险仍高。主要风险在于AEB仲裁延迟（比驾驶员制动晚950ms）与施工锥桶偏移感知权重不足，叠加冰雪路面附着系数降低，最终构成系统与驾驶员共同责任事故。,主因：AEB系统在FCW报警后未及时介入，制动请求爬升受舒适性与仲裁策略影响，延迟约950ms；次因：驾驶员反应时间626ms虽可接受，但冰雪路面制动效能下降，且施工锥桶偏移增加场景复杂度。,驾驶员反应时间626ms，处于可接受区间 | 制动上升时间429ms，制动操作果断 | AEB介入比驾驶员制动晚950ms（aebDelayMs=-950） | 制动时TTC估算为1.97s，时距尚可但未触发AEB | 冰雪长下坡接弯及施工锥桶偏移环境因素 | 端侧风险模型输出AEB_DELAY_OR_MISS置信偏高
C_D2,cloud_experiment_results_C_D2_20260518_212450Z.json,22,EXP-20260518-023,低速行人场景漏检,AEB_DELAY_OR_MISS,HIGH,C,D2,True,6,4,0.6667,系统,系统,True,1,6,0.1667,5.0,5,5,95,66,1319,"severity疑似矛盾: expected=HIGH, mentioned=['MEDIUM']",,城市主干道低速行人场景下，AEB系统对占道外卖非机动车漏检，导致AEB介入偏晚（-680ms），系统与驾驶员共同承担责任。驾驶员反应时间786ms尚可，制动果断但峰值减速度高，最终发生碰撞。,主因：系统对占道非机动车的感知或决策延迟，AEB介入过晚；次因：驾驶员虽制动果断，但未更早识别风险并接管，反应时间在可接受区间末端。,前向毫米波雷达与摄像头融合感知，非机动车占道风险权重上调。 | 驾驶员反应时间786ms，制动上升513ms，制动果断。 | AEB介入延迟-680ms（碰撞前触发），偏晚。 | 制动踏板长时间保持100%，最大减速度-10.84m/s²。 | 事故前3秒平均速度46.8km/h，但初始速度87.1km/h。
C_D2,cloud_experiment_results_C_D2_20260518_212450Z.json,23,EXP-20260518-024,施工区域未减速,AEB_DELAY_OR_MISS,HIGH,C,D2,True,6,6,1.0,系统,系统,True,0,6,0.0,5.0,6,5,90,64,1659,,,成都高新区园区内部路，行人突然横穿，AEB延迟介入（-950ms），驾驶员反应时间偏长（879ms），系统与驾驶员共同责任，低速自动驾驶状态下制动有效但峰值减速度不足，碰撞风险高。,主因：AEB仲裁策略受舒适性限制导致介入延迟（系统责任48%）；次因：驾驶员注意力状态不佳，反应时间超800ms（责任43%）。,反应时间879ms（>800ms，偏长） | AEB介入时刻-950ms（相对碰撞时间估计） | 制动峰值减速度-10.9m/s²（碰撞级） | 制动时TTC 2.16s（时距尚可） | 规划目标时距1.55s振荡（系统决策不稳定） | 最后2秒最大转向角8.4°（有规避转向但未记录）
C_D2,cloud_experiment_results_C_D2_20260518_212450Z.json,24,EXP-20260518-025,相邻车道侵入未抑制,AEB_DELAY_OR_MISS,HIGH,C,D2,True,6,6,1.0,驾驶员,驾驶员,True,1,8,0.125,5.0,6,5,143,82,1912,"weather疑似矛盾: expected=多云, mentioned=['雨']",,在武汉东湖高新区收费站广场，自动驾驶车辆因前车急刹触发AEB延迟或未触发事件（HIGH等级）。驾驶员反应时间偏长（897ms）且制动上升缓慢（619ms），AEB介入偏晚（-320ms），峰值减速度达-9.88m/s²，最终未能有效避免碰撞风险。系统与驾驶员共同责任，环境因素占比较小。,主因：驾驶员反应时间897ms超过常规阈值，未能及时接管制动；次因：系统制动上升时间619ms过长，且AEB介入时机滞后，导致制动力建立不足，峰值减速度虽高但已晚。,驾驶员反应时间897ms，超出800ms的阈值，显示注意力或决策延迟 | 制动上升时间619ms，从踏板20%到80%耗时较长，制动力建立迟缓 | AEB介入时机为-320ms（即事故前0.32秒），偏晚且未优先抑制碰撞 | 峰值减速度-9.88m/s²出现在低速阶段，但已无法弥补之前制动不足 | 制动时TTC为3.15秒，理论上可避免碰撞，但实际制动效能不足 | 前车制动灯亮起被感知系统识别，但风险权重未及时上调触发AEB
C_D2,cloud_experiment_results_C_D2_20260518_212450Z.json,25,EXP-20260518-026,拥堵跟车时距 <1.2s,TTC_LOW_RISK,HIGH,C,D2,True,6,6,1.0,驾驶员,驾驶员,True,0,8,0.0,5.0,6,5,166,87,1373,,,城市主干道拥堵跟车场景中，驾驶员跟车时距持续低于1.2秒，虽然反应时间（778ms）在可接受区间，但制动上升时间过长（343ms）导致制动效果不足，系统AEB介入时TTC仅1.27秒且存在-152ms延迟（可能指AEB先于驾驶员介入），最终峰值减速度虽达-10.66m/s²但已无法避免碰撞，形成高风险TTC_LOW_RISK事件。,主因为驾驶员跟车时距过近（<1.2s）且制动上升缓慢（343ms），导致制动效能未及时发挥；次因为系统AEB介入时机稍晚且制动力爬升受舒适性限制，未能有效补偿驾驶员反应滞后。,跟车时距<1.2s触发高风险预警 | 驾驶员反应时间778ms（可接受范围内） | 制动上升时间343ms（从20%到80%踏板行程） | 峰值减速度-10.66m/s²（最后时刻） | AEB介入时间-152ms（相对方向未知） | 制动时TTC 1.27秒
C_D2,cloud_experiment_results_C_D2_20260518_212450Z.json,26,EXP-20260518-027,cut-in 后 TTC 骤降,TTC_LOW_RISK,LOW,C,D2,True,6,4,0.6667,驾驶员,驾驶员,True,0,8,0.0,5.0,6,5,121,84,1401,,,在雾天快速路施工路段，旁车cut-in导致本车TTC骤降的轻度风险事件。驾驶员反应时间931ms偏长，系统AEB提前538ms介入，制动果断但跟车时距仅1.21s，风险等级LOW。主因为驾驶员注意力不足，次因为系统目标时距振荡及环境能见度低。,主因：驾驶员对cut-in反应迟缓（931ms>800ms），未及时制动；次因：系统规划目标时距在1.73s振荡，未维持足够安全裕度，且AEB受舒适性限制制动强度不足。,驾驶员反应时间931ms，超过800ms阈值，提示注意力不足。 | 制动上升时间598ms（20%→80%），制动果断有效。 | AEB介入比驾驶员早538ms，系统感知及时。 | 制动时TTC仅1.21s，跟车时距严重不足。 | 雾天及施工锥桶偏移增加环境不确定性。 | 系统规划目标时距振荡于1.73s附近，未能保持稳定安全裕度。
C_D2,cloud_experiment_results_C_D2_20260518_212450Z.json,27,EXP-20260518-028,下坡车速过快导致 TTC 不足,TTC_LOW_RISK,HIGH,C,D2,True,6,6,1.0,驾驶员,驾驶员,True,0,9,0.0,5.0,6,5,187,100,2007,,,快速路下坡路段因车速过快（前3s均速46.4km/h）导致跟车时距不足（TTC仅1.43s），驾驶员反应时间偏长（833ms），但制动果断（上升时间523ms），系统AEB提前介入（-548ms），最终以极强制动（峰值-11.34m/s²）在施工区域附近将车速降至14.2km/h，避免碰撞。主要风险源：驾驶员注意力不足、施工区域未完全封闭、系统目标时距振荡（1.18s）。,主因：驾驶员跟车时距不足且反应延迟（833ms>800ms），未能及时感知前车减速；次因：系统规划目标时距振荡（1.18s）未充分适应下坡环境，且施工区域未封闭完全增加环境风险权重（环境责任11%）。,驾驶员反应时间833ms（>800ms），注意力状态存疑 | 制动上升时间523ms（20%→80%），动作果断但初始制动力弱 | 峰值减速度-1.8m/s²（原文标为碰撞级，但遥测实际峰值-11.34m/s²，数据矛盾需验证） | AEB介入时间-548ms（相对参考时刻） | 制动时TTC仅1.43s，跟车时距严重不足 | 最大转向角3.7°，表明驾驶员有横向避让意图
C_D2,cloud_experiment_results_C_D2_20260518_212450Z.json,28,EXP-20260518-029,弯道出口前车减速,TTC_LOW_RISK,MEDIUM,C,D2,True,6,6,1.0,驾驶员,驾驶员,True,1,7,0.1429,5.0,6,5,114,68,1419,"weather疑似矛盾: expected=小雨, mentioned=['雨']",,广州黄埔高架匝道小雨环境下，前车减速未打灯导致跟车时距不足。驾驶员反应时间877ms偏长，虽制动果断但TTC仅1.08s，AEB介入延迟-364ms，最终形成MEDIUM风险事件。责任分配：驾驶员73%，系统15%，环境12%。,主因：驾驶员注意力不足，反应时间877ms超过安全阈值。次因：系统AEB介入延迟（-364ms）及前车未打灯。环境小雨增加风险但非主因。,驾驶员反应时间877ms，超过800ms安全阈值 | 制动上升时间474ms，制动执行果断 | AEB介入-364ms（相对碰撞时间） | 制动时TTC仅1.08s，跟车时距高风险 | 前车减速未打灯，增加预测难度 | 事故前3s均速37.9km/h，环境小雨
C_D2,cloud_experiment_results_C_D2_20260518_212450Z.json,29,EXP-20260518-030,绿灯起步抢行导致 TTC 不足,TTC_LOW_RISK,MEDIUM,C,D2,True,6,5,0.8333,驾驶员,驾驶员,True,1,9,0.1111,5.0,6,5,135,76,1449,"weather疑似矛盾: expected=小雨, mentioned=['雨']",,在成都高新区收费站广场小雨环境下，自动驾驶状态车辆因跟车时距持续低于安全阈值，制动时TTC仅1.08s，触发TTC_LOW_RISK事件。驾驶员反应时间736ms可接受，制动果断，但AEB介入延迟247ms，行人靠近路缘增加风险，属于驾驶员与系统共同责任的中等严重事件。,主因为驾驶员未能维持安全跟车时距，导致时距不足。次因为系统AEB介入时机偏晚（-247ms），且规划层目标时距1.52s振荡，未有效补偿小雨和行人风险。,制动时TTC为1.08s，低于安全阈值 | 驾驶员反应时间736ms，在可接受范围 | 制动上升时间388ms，制动执行果断 | AEB在驾驶员制动后247ms介入，介入延迟 | 事故前3秒平均车速71.6km/h，减速连续 | 规划层目标时距1.52s存在振荡
C_D2,cloud_experiment_results_C_D2_20260518_212450Z.json,30,EXP-20260518-031,大车遮挡后突然出现的慢车,TTC_LOW_RISK,HIGH,C,D2,True,6,6,1.0,驾驶员,驾驶员,True,1,8,0.125,5.0,6,5,139,117,1729,"weather疑似矛盾: expected=小雨, mentioned=['雨']",,广州黄埔高架匝道小雨场景，本车跟随前车因大车遮挡前车急刹导致TTC低至0.75s的高风险事件。驾驶员反应时间688ms虽在可接受范围，但制动上升缓慢（471ms）且初始跟车时距不足，系统AEB延迟469ms介入，共同导致碰撞风险。责任分配：驾驶员63%，系统26%，环境11%。,主因：驾驶员跟车时距仅0.75s且制动踏板上升缓慢（踏板20%→80%耗时471ms），无法及时消化相对速度；次因：系统AEB介入延迟（-469ms），制动请求爬升受舒适性仲裁影响；环境：高架匝道小雨可能降低路面附着力，增加制动距离。,驾驶员反应时间688ms，处于可接受区间 | 制动踏板上升时间471ms（20%→80%），制动迟缓 | 制动时TTC=0.75s，跟车时距严重不足 | AEB系统延迟-469ms介入 | 峰值减速度-1.8m/s²（碰撞级） | 事故前3s平均速度29.9km/h，表明急剧减速
C_D2,cloud_experiment_results_C_D2_20260518_212450Z.json,31,EXP-20260518-032,系统请求接管后 5s 内未接管,DRIVER_TAKEOVER_FAIL,HIGH,C,D2,True,6,6,1.0,系统,驾驶员,False,1,8,0.125,5.0,6,5,155,99,1616,"severity疑似矛盾: expected=HIGH, mentioned=['MEDIUM']",,2026年5月18日，南京雨花台区城市主干道（晴），处于自动驾驶模式的车辆因前车急刹触发系统请求接管，驾驶员在1173ms内未有效接管方向盘，随后制动但减速度不足，最终发生碰撞。系统责任比例（50%）略高于驾驶员（39%），环境因素占11%。主要风险为驾驶员接管响应延迟及系统接管请求时机与减速策略的协同不足。,主因：驾驶员接管不足（反应时间1173ms，未及时握盘）；次因：系统在复杂交互场景下规划请求接管后，风险最小化减速策略可能未有效补偿驾驶员反应延迟，且AEB介入时机（-207ms）虽早但未避免碰撞。,驾驶员反应时间1173ms，超过800ms阈值，未及时握盘。 | 制动上升时间309ms，踏板从20%至80%耗时较短。 | AEB在驾驶员制动前207ms介入（负延迟）。 | 事故前3s均速21.1km/h，远低于初始56.1km/h。 | 遥测显示最后阶段减速度达-11.5m/s²，制动踏板100%。 | 系统责任比例50%，高于驾驶员39%。
C_D2,cloud_experiment_results_C_D2_20260518_212450Z.json,32,EXP-20260518-033,双手脱离方向盘,DRIVER_TAKEOVER_FAIL,MEDIUM,C,D2,True,6,5,0.8333,系统,驾驶员,False,1,7,0.1429,5.0,6,5,149,79,1245,"weather疑似矛盾: expected=侧风偏大, mentioned=['雨']",,事故发生在南京雨花台区城市主干道，侧风偏大。系统L2级辅助驾驶中因相邻车道变道挤压触发接管请求，驾驶员反应时间1454ms（超阈值），虽制动果断但未及时握盘，系统AEB介入延迟-586ms，最终发生DRIVER_TAKEOVER_FAIL事件，责任偏向驾驶员接管不足（42%），系统响应占比49%。,主因：驾驶员接管响应时间过长（1454ms），未能及时握盘；次因：系统在复杂交互场景下的AEB介入时机延迟（-586ms）且规划请求接管后风险最小化减速不足。,反应时间1454ms超过1200ms阈值 | 制动上升时间399ms，制动果断 | AEB介入延迟-586ms | 制动时TTC 2.14s，时距尚可 | 事故前3s均速39.8km/h，减速过程明显 | 驾驶员未及时握盘（端侧总结）
C_D2,cloud_experiment_results_C_D2_20260518_212450Z.json,33,EXP-20260518-034,接管后方向修正过量,DRIVER_TAKEOVER_FAIL,LOW,C,D2,True,6,5,0.8333,系统,系统,True,0,8,0.0,5.0,6,5,139,121,1708,,,在长下坡接弯道、有雾且路面有抛洒物的复杂场景下，L2级辅助驾驶系统请求驾驶员接管，但驾驶员反应延迟（920ms）且方向修正过量（最大4.3°），导致DRIVER_TAKEOVER_FAIL。责任分析显示系统占50%、驾驶员39%、环境11%，系统与驾驶员均需对风险处置不足负责。,主因：系统在复杂交互场景（多目标关联、短时遮挡恢复）下接管请求触发时机偏晚，且AEB介入时序（-214ms）可能干扰驾驶员判断；次因：驾驶员反应时间超出阈值（920ms>800ms），接管后方向盘转角较大（最大4.3°），未有效稳定车辆轨迹。,反应时间920ms超出800ms阈值 | 制动上升时间346ms，制动果断 | AEB介入延迟-214ms（早于驾驶员制动） | 事故前2秒内最大转向角4.3° | 事故前3秒平均速度72.4km/h | 责任分析系统50% > 驾驶员39%
C_D2,cloud_experiment_results_C_D2_20260518_212450Z.json,34,EXP-20260518-035,L3 降级时驾驶员未响应,DRIVER_TAKEOVER_FAIL,LOW,C,D2,True,6,5,0.8333,驾驶员,驾驶员,True,0,9,0.0,5.0,6,5,134,104,1309,,,2026年5月18日，苏州工业园区城市主干道，一L3级自动驾驶车辆行驶时请求人工接管，驾驶员在1362ms内未有效响应，叠加侧风及路面抛洒物，导致事故。责任分析显示驾驶员接管不足为主因（48%），系统次之（42%），环境因素占10%。事故等级LOW，涉及L2辅助状态。,主因：驾驶员反应时间1362ms（>1200ms阈值），未及时握盘响应接管请求；次因：系统在复杂交互场景下感知规划请求接管，但AEB介入时机（-146ms，即驾驶员制动前）可能反映系统降级策略保守或感知延迟。,驾驶员反应时间1362ms，超过1200ms安全阈值 | 制动上升时间591ms，制动决策果断 | AEB介入时距驾驶员制动-146ms（提前介入） | 制动时TTC为2.18s，时距尚可但不足 | 事故前3s平均速度69.6km/h，降速明显 | 方向盘最大转角4.4°（最后2秒）
C_D2,cloud_experiment_results_C_D2_20260518_212450Z.json,35,EXP-20260518-036,拥堵跟车系统退出未制动,DRIVER_TAKEOVER_FAIL,LOW,C,D2,True,6,5,0.8333,系统,系统,True,0,7,0.0,5.0,6,5,120,86,1387,,,L2辅助驾驶车辆在高架匝道拥堵跟车时系统因施工锥桶偏移请求接管，驾驶员反应时间920ms（偏长），虽制动果断但TTC仅1.85s，最终轻微接触。主因是驾驶员接管不足，次因是系统退出后减速不充分，责任分配驾驶员39%、系统50%、环境11%。,主因：驾驶员接管反应时间偏长（920ms>800ms）导致接管窗口内减速不充分；次因：系统在复杂场景（施工锥桶偏移）下退出跟车后只作风险最小化减速，未触发AEB或加强预警。,反应时间920ms（偏长，>800ms）。 | 制动上升时间286ms（果断）。 | AEB延迟-251ms（未触发）。 | 制动时TTC 1.85秒（时距尚可但不足）。 | 系统责任比例50%（规划请求接管但减速不够）。 | 施工锥桶偏移为场景触发因素。
C_D2,cloud_experiment_results_C_D2_20260518_212450Z.json,36,EXP-20260518-037,驾驶员误踩加速踏板,DRIVER_TAKEOVER_FAIL,HIGH,C,D2,True,6,6,1.0,系统,系统,True,1,6,0.1667,5.0,6,4,161,73,2021,"severity疑似矛盾: expected=HIGH, mentioned=['LOW']",,本次事故发生于深圳南山区施工借道段，自动驾驶系统遇到前车急刹后请求接管，但驾驶员反应延迟965ms（>800ms），虽后续制动果断（峰值减速度-1.8m/s²），但AEB介入滞后-394ms，最终TTC仅2.11s导致碰撞。责任分配显示系统50%、驾驶员39%、环境11%，主要风险为驾驶员接管响应不足与系统介入时机偏晚。,主因：驾驶员接管反应时间过长（965ms），未能及时切入控制；次因：系统AEB介入延迟（-394ms），且接管请求时机可能偏晚，导致碰撞时距不足。,反应时间965ms，超过800ms阈值，判定为响应偏长。 | 制动上升时间450ms，踏板20%→80%，操作果断。 | 峰值减速度-1.8m/s²，达到碰撞级极强制动。 | AEB介入延迟-394ms，相对于接管请求，时机偏晚。 | 制动时TTC 2.11s，处于安全边缘。 | 事故前3秒平均车速20.7km/h，表明系统已大幅减速。
C_D2,cloud_experiment_results_C_D2_20260518_212450Z.json,37,EXP-20260518-038,团雾突发能见度骤降,ENVIRONMENT_DISTURB,HIGH,C,D2,True,6,6,1.0,驾驶员,环境,False,2,8,0.25,5.0,6,5,102,92,1552,"severity疑似矛盾: expected=HIGH, mentioned=['MEDIUM']；weather疑似矛盾: expected=小雨, mentioned=['雨', '雾']",,团雾突发导致隧道入口能见度骤降，叠加小雨湿滑路面，行人突然横穿，L2辅助驾驶系统与驾驶员协同制动但制动力建立过慢，最终以约9km/h速度碰撞。事件暴露低能见度环境下人机制动响应配合不足及执行机构延迟风险。,主因为环境扰动（团雾+小雨+隧道入口）引发能见度与附着系数突变；次因为驾驶员制动上升时间过长（344ms）及系统AEB提前介入后峰值减速度初期仅-1.8m/s²，未能及时形成有效减速。,反应时间798ms（可接受区间） | 制动上升时间344ms（偏长） | AEB提前482ms介入 | 峰值减速度初期仅-1.8m/s² | 环境：团雾+小雨+隧道入口 | 行人横穿导致突发障碍
C_D2,cloud_experiment_results_C_D2_20260518_212450Z.json,38,EXP-20260518-039,路面结冰侧滑,ENVIRONMENT_DISTURB,LOW,C,D2,True,6,5,0.8333,驾驶员,驾驶员,True,0,8,0.0,5.0,6,5,139,102,1457,,,武汉东湖高新区发生路面结冰侧滑事件，等级低，涉及长下坡接弯道雾天环境。主要风险为附着系数突变导致车辆侧滑，驾驶员反应时间偏长（921ms）且制动上升缓慢（503ms），系统AEB介入延迟（-478ms），与慢车占道交织。多因素共同作用，环境扰动显著，人因与系统策略存在改进空间。,主因：路面结冰导致附着系数陡降，车辆在长下坡接弯道处失去抓地力侧滑。次因：驾驶员反应时间921ms（超800ms阈值），制动踏板上升时间503ms（慢），系统AEB介入延迟478ms，未及时补偿制动不足。,驾驶员反应时间921ms，超过常见临界值800ms。 | 制动上升时间503ms，踏板从20%至80%用时过长。 | AEB介入延迟-478ms（即在驾驶员制动之后），且制动有效标志false。 | 制动时TTC为1.64s，时距虽可但制动效果不足。 | 最大转向角最后2秒达8.4°，侧滑时尝试修正。 | 环境扰动类型为ENVIRONMENT_DISTURB，路面结冰为关键诱因。
C_D2,cloud_experiment_results_C_D2_20260518_212450Z.json,39,EXP-20260518-040,强光逆光相机失效,ENVIRONMENT_DISTURB,HIGH,C,D2,True,6,5,0.8333,驾驶员,驾驶员,True,1,8,0.125,5.0,5,5,127,91,1410,"severity疑似矛盾: expected=HIGH, mentioned=['LOW']",,成都高新区高架匝道雾天环境下，强光逆光导致相机失效，前车急刹制动灯亮起，L2辅助驾驶系统规划请求接管并减速，驾驶员反应时间偏长（842ms），但制动果断（峰值减速度-11.37m/s²），最终在低速下可能发生轻微碰撞，责任倾向环境扰动与驾驶员注意力交织。,主因：强光逆光导致视觉感知短暂失效，叠加雾天能见度低，使系统对前车制动灯识别延迟，触发AEB但驾驶员接管未及时。次因：驾驶员反应时间超过800ms，注意力状态不足，错过最佳干预时机。,驾驶员反应时间842ms，超过800ms阈值，表明注意力状态不佳。 | 端侧AEB触发时间比碰撞点早814ms，但减速度提升较慢。 | 遥测显示最大减速度-11.37m/s²，制动效能充分。 | 事件类型为环境扰动，且包含能见度突变和道路几何变化。 | 责任分析中环境因素占29%，系统24%，驾驶员47%。
C_D2,cloud_experiment_results_C_D2_20260518_212450Z.json,40,EXP-20260518-041,横风高架桥面偏移,ENVIRONMENT_DISTURB,MEDIUM,C,D2,True,6,5,0.8333,驾驶员,环境,False,1,6,0.1667,5.0,6,5,64,57,1021,"weather疑似矛盾: expected=大雨, mentioned=['雨']",,事件为大雨高架桥上横风与相邻车道变道挤压引发的环境扰动事故，系统与驾驶员协同减速但最终碰撞，主要风险来自环境突变与复杂交互场景。,主因为环境扰动（横风与雨天附着系数下降）导致车辆横向偏移，次因为相邻车道变道挤压及系统对短时遮挡恢复后的决策延迟。,遥测显示制动从30%加深至76%，车速从63.6km/h降至26.8km/h | 驾驶员反应时间726ms | AEB提前497ms于驾驶员制动介入 | 制动时TTC 1.93s，时距尚可 | 最大转向角9度，反映横向避让操作 | 端侧风险模型判定为ENVIRONMENT_DISTURB
C_D2,cloud_experiment_results_C_D2_20260518_212450Z.json,41,EXP-20260518-042,积水水滑,ENVIRONMENT_DISTURB,HIGH,C,D2,True,6,6,1.0,驾驶员,系统,False,0,6,0.0,5.0,6,5,145,86,1601,,,本次事件为城市主干道积水水滑导致的环境扰动事故，自动驾驶系统感知到前车急刹后，在TTC 2.7s时启动制动，但制动上升时间偏长（589ms），且路面附着系数低导致实际减速度不足，最终发生碰撞。责任主要归因于环境因素（47%），系统制动执行延迟（24%）和驾驶员接管不足（29%）为次要因素。,主因：路面湿滑（积水）显著降低轮胎附着系数，使车辆制动时无法达到期望减速度；次因：制动系统上升时间（589ms）过长导致制动力建立滞后，且驾驶员未在系统请求接管后有效介入。,反应时间500ms处于可接受区间 | 制动上升时间589ms，高于典型值，存在操作延迟 | 责任分析中峰值减速度-1.8 m/s²，指示低附着路面 | AEB介入时机为制动前781ms | 制动时TTC 2.7s，理论制动距离充足 | 事故前3秒均速仅17.1 km/h，速度已大幅降低
C_D2,cloud_experiment_results_C_D2_20260518_212450Z.json,42,EXP-20260518-043,夜间无照明行人横穿,ENVIRONMENT_DISTURB,MEDIUM,C,D2,True,6,5,0.8333,驾驶员,驾驶员,True,1,8,0.125,5.0,6,5,88,92,1505,"weather疑似矛盾: expected=大雨, mentioned=['雨', '夜间']",,夜间大雨快速路，行人横穿，前方车辆减速未打灯，环境扰动与系统策略交织导致中等严重度事故。主要风险为能见度低、制动响应偏慢、AEB介入较晚，驾驶员反应时间可接受但制动有效性不足。,主因：环境扰动（大雨、无照明、行人横穿）叠加前方车辆减速未打灯；次因：系统制动上升时间较长（497ms），AEB延迟介入（-509ms），且制动有效标志为false导致实际减速度不足。,事故前3s均速67.1km/h，制动深度从30%增至76%。 | 反应时间759ms，制动上升时间497ms。 | AEB介入时间-509ms，制动时TTC=2.99s。 | 制动有效标志为false。 | 最大转向角5.1度（轻微修正）。 | 端侧风险模型判定ENVIRONMENT_DISTURB置信偏高。
C_D2,cloud_experiment_results_C_D2_20260518_212450Z.json,43,EXP-20260518-044,人-车-路-环境多因素叠加,MULTI_FACTOR,MEDIUM,C,D2,True,6,6,1.0,驾驶员,驾驶员,True,0,8,0.0,5.0,6,5,164,98,1442,,,2026年5月18日深圳南山区高架匝道发生一起多因素叠加事故，等级MEDIUM，自动驾驶状态为手动。事故涉及人因、系统策略与环境因素（多云、匝道汇流冲突）。驾驶员反应时间434ms，制动果断，但AEB介入滞后474ms。责任倾向多因素共同作用（驾驶员45%、系统31%、环境24%）。端侧风险模型提示需云端复盘侧重证据链一致性。,主因为驾驶员在匝道汇流场景下未充分预判风险，反应时间虽在可接受区间但仍需优化；次因为系统感知在短时遮挡恢复后未及时触发AEB，制动介入滞后474ms，且规划请求人工接管后控制权重切换可能不够平滑。,驾驶员反应时间434ms，处于可接受区间。 | 制动上升时间583ms，制动果断。 | AEB介入延迟-474ms（即碰撞前474ms介入）。 | 制动时TTC为1.51s，时距尚可但不足。 | 事故前3s平均速度46.3km/h，最大方向盘角3.0°。 | 端侧风险模型判定为MULTI_FACTOR高置信。
C_D2,cloud_experiment_results_C_D2_20260518_212450Z.json,44,EXP-20260518-045,施工改道+感知降级+驾驶员分心,MULTI_FACTOR,MEDIUM,C,D2,True,6,5,0.8333,驾驶员,驾驶员,True,1,9,0.1111,5.0,6,5,136,75,1956,"weather疑似矛盾: expected=冰雪, mentioned=['雪']",,该事故发生于广州黄埔区快速路，冰雪环境下施工改道导致匝道汇流冲突。多因素共同作用：驾驶员分心（反应时间578ms但可能有注意分散）、环境冰雪降低路面附着力、系统感知降级（短时遮挡恢复）且AEB提前209ms介入。风险等级中等，责任倾向驾驶员54%，环境28%，系统18%。,主因为驾驶员分心（未能及时察觉施工改道与汇流风险），次因为冰雪环境导致路面湿滑、车辆制动效能下降，以及系统感知在复杂交互场景下的短时遮挡影响规划响应。,驾驶员反应时间578ms，处于可接受区间但可能因分心延迟感知 | 制动上升时间594ms，显示制动操作果断 | AEB比碰撞提前209ms介入，表明系统已检测到风险 | 事故前3秒均速61.6km/h，制动深度从30%增至72% | 责任比例：驾驶员54%，环境28%，系统18% | 端侧风险模型判定为MULTI_FACTOR，置信偏高
C_D2,cloud_experiment_results_C_D2_20260518_212450Z.json,45,EXP-20260518-046,恶劣天气+跟车过近+AEB 保守策略,MULTI_FACTOR,MEDIUM,C,D2,True,6,4,0.6667,驾驶员,驾驶员,True,1,8,0.125,5.0,6,5,130,65,1045,"weather疑似矛盾: expected=大雨, mentioned=['雨']",,本次事故发生于大雨天气下的苏州工业园区城市主干道，因驾驶员跟车过近且前方慢车占道，虽驾驶员制动及时（反应时间433ms）但系统AEB策略偏保守（提前163ms介入但减速度不足），多因素共同导致碰撞，责任以人因为主（54%），环境（28%）与系统（18%）次之。,主因：驾驶员跟车过近，制动时TTC仅2.92s，安全裕度不足；次因：大雨湿滑路面延长制动距离，且AEB介入强度偏低，未能有效补偿。,驾驶员反应时间433ms，处于可接受区间 | 制动上升时间549ms，制动果断 | AEB比驾驶员制动早163ms触发 | 事故前3s均速45.6km/h，制动时TTC为2.92s | 遥测显示制动踏板从30%逐步增至76%，减速度持续增大 | 大雨天气，路面湿滑
C_D2,cloud_experiment_results_C_D2_20260518_212450Z.json,46,EXP-20260518-047,匝道+大车遮挡+前车急刹,MULTI_FACTOR,HIGH,C,D2,True,6,6,1.0,驾驶员,驾驶员,True,2,8,0.25,5.0,6,5,158,89,2059,"severity疑似矛盾: expected=HIGH, mentioned=['MEDIUM']；weather疑似矛盾: expected=小雨, mentioned=['雨']",,深圳南山区施工借道段（小雨）发生多因素交通事故，涉及匝道、大车遮挡、前车急刹及行人突然横穿。手动驾驶模式下，驾驶员反应时间偏长（827ms），尽管制动果断（峰值减速度-1.8m/s²）且AEB在驾驶员制动前237ms介入，仍因多重风险叠加导致碰撞。责任分配为驾驶员61%、环境24%、系统15%，需结合更多证据确认。,主因：驾驶员反应延迟（827ms）导致制动时机偏晚，未能有效规避突发风险。次因：大车遮挡视野、施工借道段及小雨环境限制了感知与操控裕度，AEB介入虽早但减速度不足以完全避免碰撞。,驾驶员反应时间827ms，超过800ms临界值，暗示注意力不足。 | 制动上升时间446ms，制动果断，说明操作意图明确。 | 峰值减速度-1.8m/s²，实现极强制动，但仍碰撞。 | AEB在驾驶员制动前237ms介入，但减速度未达预期（可能受路面附着限制）。 | 遥测显示速度从89.2km/h持续降至15.1km/h，表明减速过程持续，但未避免碰撞。 | 决策链记录感知层存在“短时遮挡恢复”，与大车遮挡场景一致。
C_D2,cloud_experiment_results_C_D2_20260518_212450Z.json,47,EXP-20260518-048,夜间+眩光+非机动车占道,MULTI_FACTOR,HIGH,C,D2,True,6,6,1.0,驾驶员,驾驶员,True,1,6,0.1667,5.0,6,5,125,90,1645,"weather疑似矛盾: expected=晴, mentioned=['夜间']",,夜间施工借道段发生多因素碰撞事故：驾驶员注意力不足（反应时间825ms）与制动迟缓（上升409ms），叠加环境眩光、非机动车占道及前车急刹，导致L2辅助驾驶系统AEB介入（提前685ms）未能避免碰撞。责任分配为驾驶员58%、系统24%、环境18%。,主因为驾驶员反应过慢（>800ms）及制动操作不果断（制动上升时间过长）；次因为系统AEB介入时机虽早但效果不足，以及环境因素（施工段、夜间眩光、非机动车侵占车道）增加场景复杂度。,驾驶员反应时间825ms（>800ms门槛） | 制动上升时间409ms（制动迟缓） | 最大减速度-11.49m/s²（碰撞级）与报告峰值-1.8m/s²不一致 | AEB在驾驶员制动前685ms已介入 | 事故前2秒转向角度最大6.5° | 多传感器融合，端侧风险模型判定为多因素
C_D2,cloud_experiment_results_C_D2_20260518_212450Z.json,48,EXP-20260518-049,系统提示弱+环境复杂+接管犹豫,MULTI_FACTOR,HIGH,C,D2,True,6,5,0.8333,驾驶员,驾驶员,True,2,7,0.2857,5.0,6,5,150,76,1475,"severity疑似矛盾: expected=HIGH, mentioned=['MEDIUM']；weather疑似矛盾: expected=多云, mentioned=['雨']",,本次事故发生于南京雨花台区快速路施工区域，系统提示不足与环境复杂叠加驾驶员接管犹豫，导致多因子碰撞风险。驾驶员反应时间502ms可接受，但制动上升时间404ms过慢，峰值减速度-1.8m/s²（极强制动），AEB提前152ms介入但仍无法避免碰撞。主要风险包括制动执行迟缓、施工封闭不全及系统预警弱。,主因：驾驶员制动执行迟缓（制动上升时间404ms），导致制动效能未及时发挥。次因：施工区域未完全封闭增加环境复杂性，系统预警提示不足削弱驾驶员态势感知。,驾驶员反应时间502ms（可接受） | 制动上升时间404ms（过慢） | AEB比驾驶员提前152ms介入 | 施工区域未完全封闭 | 事故前3s均速17.3km/h | 碰撞前转向角最大3.0°
C_D2,cloud_experiment_results_C_D2_20260518_212450Z.json,49,EXP-20260518-050,多车交互+信号延迟+制动不足,MULTI_FACTOR,HIGH,C,D2,True,6,6,1.0,驾驶员,驾驶员,True,1,7,0.1429,5.0,6,5,146,113,1795,"weather疑似矛盾: expected=小雨, mentioned=['雨']",,多车交互场景下，小雨湿滑路面导致前车急刹，自车反应时间偏长（935ms），AEB虽提前-363ms介入但制动减速度不足（峰值-1.8 m/s²远低于遥测-10.27 m/s²存疑），驾驶员制动果断但时机滞后，最终TTC 2.79s未能避免碰撞。主要风险为人因延迟与系统制动效能不足的叠加效应。,主因：驾驶员反应时间935ms超过阈值（>800ms），导致制动起始时刻偏晚；次因：系统AEB介入虽早但峰值减速度仅-1.8 m/s²（与遥测-10.27矛盾），控制权重切换不明确；环境小雨降低路面附着系数，加剧制动距离不足。,反应时间935ms（>800ms）构成人因延迟证据 | AEB介入时刻-363ms先于驾驶员制动 | 遥测显示制动踏板从36%持续增至100%，减速度达-9.7 m/s² | TTC at brake=2.79s，理论可避撞但实际碰撞表明环境摩擦不足 | 责任权重分配：驾驶员61%，系统15%，环境24% | 端侧风险模型判定为MULTI_FACTOR置信偏高
C_D3,cloud_experiment_results_C_D3_20260518_212710Z.json,0,EXP-20260518-001,追尾碰撞（跟车过近）,COLLISION,HIGH,C,D3,True,6,6,1.0,驾驶员,驾驶员,True,0,7,0.0,5.0,6,5,113,62,1473,,,雾天隧道入口，因跟车过近且施工区域未完全封闭，驾驶员反应时间偏长（888ms）和制动迟缓（412ms上升），AEB介入但未避免碰撞，最终以约5.9km/h速度追尾。主要风险包括驾驶员注意力不足、系统制动效能不足及环境能见度低。,主因：驾驶员纵向安全距离不足，反应与制动迟缓；次因：AEB介入后减速度受限，环境雾天降低可视距离，施工区域未封闭加剧突发性。,反应时间888ms（>800ms偏长） | 制动上升时间412ms（迟缓） | AEB在碰撞前775ms介入但未避免碰撞 | 遥测显示最高减速度-10.62m/s²（低车速段） | 雾天环境，隧道入口 | 施工区域未封闭完全
C_D3,cloud_experiment_results_C_D3_20260518_212710Z.json,1,EXP-20260518-002,侧向刮擦（变道冲突）,COLLISION,HIGH,C,D3,True,6,5,0.8333,驾驶员,驾驶员,True,1,10,0.1,5.0,6,5,138,82,1769,"severity疑似矛盾: expected=HIGH, mentioned=['LOW', 'MEDIUM']",,本次事故为城市主干道（晴）侧向刮擦碰撞，前车急刹制动灯亮起，本车驾驶员反应时间过长（1299ms），虽采取强制动（峰值减速度-11.05m/s²）且AEB在碰撞前361ms介入，仍发生接触。主要风险源于驾驶员纵向危险感知延迟，叠加变道冲突可能性，需结合行车记录仪确认侧向动态。,主因：驾驶员反应时间1299ms（>1200ms）过长，导致制动起始时刻偏晚，纵向安全距离不足。次因：前车急刹制动灯亮起作为突发障碍，诱发了紧急制动与潜在变道动作。,反应时间1299ms（>1200ms）与碰撞风险增加直接相关。 | 制动上升时间365ms表明驾驶员制动动作果断。 | AEB介入时间-361ms，晚于制动起始点，辅助效果有限。 | 事故前3s均速35.8km/h，初始速度74.5km/h→碰撞前10km/h，速度降幅大。 | 转向角最大7.4°，但在遥测中仅见3.9°，存在未记录侧向动态。 | 端侧风险模型COLLISION置信偏高，建议核实模型阈值。
C_D3,cloud_experiment_results_C_D3_20260518_212710Z.json,2,EXP-20260518-003,静止障碍碰撞,COLLISION,LOW,C,D3,True,6,4,0.6667,驾驶员,驾驶员,True,0,9,0.0,5.0,6,5,144,98,1425,,,2026年5月18日西安高新区城市主干道晴天，车辆在手动驾驶模式下以约74km/h均速行驶，前方慢车占道且车道标线模糊。驾驶员反应时间783ms尚可，但制动上升时间过长（545ms），AEB在碰撞前293ms介入，最终因有效制动不足发生低等级碰撞。事件暴露制动响应迟缓及环境感知受限问题。,主因：驾驶员制动上升时间达545ms，导致有效制动建立过晚，制动效果不足（brakeEffective=false）。次因：车道标线模糊可能影响系统对障碍物距离的辅助判断，加剧驾驶员对风险的误判。,反应时间783ms处于可接受区间 | 制动上升时间545ms显著偏长 | AEB介入时刻为碰撞前293ms | 制动时TTC为2.41s | 制动有效标志为false | 最大转向角3.9°表明存在小幅避让意图
C_D3,cloud_experiment_results_C_D3_20260518_212710Z.json,3,EXP-20260518-004,倒车碰撞非机动车,COLLISION,LOW,C,D3,True,6,5,0.8333,驾驶员,驾驶员,True,0,9,0.0,5.0,6,5,135,69,1312,,,本次事故为L2辅助驾驶车辆在收费站广场倒车时与非机动车发生碰撞，等级LOW，晴好天气，涉及路面抛洒物。驾驶员反应时间偏长（1150ms），AEB介入（-669ms）但制动时TTC为2.39s，纵向安全距离不足是碰撞直接原因。责任倾向驾驶员58%，系统30%，环境12%。,主因为驾驶员反应时间过长（1150ms），未及时识别抛洒物并采取制动；次因为路面抛洒物作为突发障碍物，系统AEB虽介入但未能完全避免碰撞。,驾驶员反应时间1150ms，超过800ms阈值，表明注意力偏低。 | 制动上升时间330ms，制动果断，但初始制动量不足。 | AEB在-669ms介入，触发时机合理。 | 制动时TTC为2.39s，时距尚可但未避免碰撞。 | 事故前3s平均速度60.0km/h，转为制动过程显著减速。 | 路面抛洒物作为障碍物，构成环境突发因素。
C_D3,cloud_experiment_results_C_D3_20260518_212710Z.json,4,EXP-20260518-005,环岛内连环碰撞,COLLISION,MEDIUM,C,D3,True,6,5,0.8333,驾驶员,驾驶员,True,1,8,0.125,5.0,6,5,101,90,1327,"weather疑似矛盾: expected=晴, mentioned=['雨', '夜间']",,南京雨花台区施工借道段环岛内发生L2辅助驾驶车辆连环碰撞，主要风险包括驾驶员反应时间过长（1334ms）、制动上升迟缓（282ms），以及夜间磨损标线导致环境感知困难，最终在匝道汇流冲突中未能有效避让。,主因：驾驶员反应时间过长且制动操作迟缓，未在TTC 2.21s时充分减速；次因：系统AEB介入偏晚（-634ms）且制动有效标志为false，叠加施工借道与夜间标线不清的环境因素。,反应时间1334ms，超过1200ms阈值 | 制动上升时间282ms，制动建立缓慢 | AEB介入时刻-634ms，但制动有效标志false | 事故前3s平均车速38.6km/h，制动TTC 2.21s | 最后2s最大转向4.5° | 环境：施工借道、夜间标线磨损、匝道汇流冲突
C_D3,cloud_experiment_results_C_D3_20260518_212710Z.json,5,EXP-20260518-006,匝道末端减速不及,COLLISION,MEDIUM,C,D3,True,6,4,0.6667,驾驶员,驾驶员,True,1,9,0.1111,5.0,6,5,126,69,1284,"weather疑似矛盾: expected=小雨, mentioned=['雨']",,匝道末端减速不及事故，发生于小雨天气的隧道入口，涉及自动驾驶状态下车辆因反应时间过长（1269ms）导致追尾慢车。主要风险为人机协同不足，AEB介入虽早但驾驶员延迟制动，碰撞前速度从58.7km/h降至21.9km/h但未完全停止，属于中等严重度事故。,主因为驾驶员反应时间过长（1269ms），超出正常阈值；次因为小雨导致路面湿滑、隧道入口慢车占道及光线变化，增加了制动距离需求与感知难度。,反应时间1269ms，超过1200ms门槛，是主因。 | 制动上升时间495ms，制动果断有效。 | AEB介入时间-602ms（碰撞前），早于驾驶员。 | 碰撞前3秒均速40.3km/h，制动后速度降至21.9km/h。 | 环境：小雨、隧道入口、慢车占道、路面反光。 | 最后制动强度76%，减速度6.3m/s²，但未能避免碰撞。
C_D3,cloud_experiment_results_C_D3_20260518_212710Z.json,6,EXP-20260518-007,隧道内低速追尾,COLLISION,MEDIUM,C,D3,True,6,4,0.6667,驾驶员,驾驶员,True,1,8,0.125,5.0,6,5,145,100,1413,"weather疑似矛盾: expected=冰雪, mentioned=['雪']",,在冰雪快速路上，手动驾驶车辆因驾驶员反应时间过长（1221ms）及制动上升缓慢（532ms），导致纵向安全距离不足，与靠近路缘的行人发生低速追尾碰撞。AEB在碰撞前525ms介入但因路面湿滑制动效果不佳。事故等级中等，责任主要归于驾驶员（68%），系统（22%）和环境（10%）为次要因素。,主因：驾驶员反应时间过长（1221ms）且制动上升缓慢（532ms），在冰雪路面未能有效缩短制动距离。次因：AEB介入延迟（-525ms）及路面湿滑导致制动效果下降，行人突然靠近路缘增加了不可预见性。,驾驶员反应时间1221ms，超过1200ms阈值，显著增加碰撞风险。 | 制动上升时间532ms，表明制动踏板操作缓慢。 | AEB在碰撞前525ms介入，但制动有效为false。 | 事故前3秒均速31.4km/h，符合低速追尾特征。 | 遥测数据显示最后已知速度15km/h，制动深度72%，且冰雪路面摩擦系数低。 | 环境信息：冰雪快速路，行人靠近路缘，车道标线反光可能影响视觉。
C_D3,cloud_experiment_results_C_D3_20260518_212710Z.json,7,EXP-20260518-008,NOA 异常退出未提示,AUTOPILOT_FAULT,HIGH,C,D3,True,6,5,0.8333,系统,系统,True,0,8,0.0,5.0,6,5,135,74,1386,,,本次事故发生于深圳南山区园区内部路，在侧风偏大气象条件下，NOA功能异常退出且未向驾驶员发出明确提示，导致系统对右侧强行切入车辆响应不足。驾驶员虽在730ms内接管并实施紧急制动（峰值减速度-1.8m/s²），仍发生碰撞。主要风险为智驾系统降级失效未通知及环境干扰因素。,主因为智驾系统异常退出且未提示，导致系统无法及时响应右侧切入车辆；次因为驾驶员接管反应时间730ms虽在合理区间，但环境侧风及模糊车道线加剧了风险。,反应时间730ms，制动上升时间312ms，制动果断但无效 | 峰值减速度-1.8m/s²，制动至碰撞前车仅降至7.5km/h | 系统故障类型AUTOPILOT_FAULT，等级HIGH | 环境侧风偏大且车道线模糊 | 右侧车辆强行切入是直接触发事件 | AEB介入延迟为-880ms（可能已于制动前启动）
C_D3,cloud_experiment_results_C_D3_20260518_212710Z.json,8,EXP-20260518-009,横向控制振荡诱发偏离,AUTOPILOT_FAULT,LOW,C,D3,True,6,4,0.6667,系统,驾驶员,False,1,9,0.1111,5.0,5,5,144,89,1562,"weather疑似矛盾: expected=小雨, mentioned=['雨']",,本次事故发生于西安高新区收费站广场，小雨天气下，智驾系统在接近施工锥桶偏移区域时发生横向控制振荡，导致车辆偏离车道，系统降级后驾驶员接管制动，TTC 2.95s，制动有效，但因转向过大仍与锥桶轻微碰撞。责任倾向为系统异常（66%），驾驶员接管响应（22%）和环境因素（12%）为次要原因。,主因：智驾系统横向控制算法在小雨湿滑路面产生振荡，导致车辆偏离车道，系统自动降级。次因：施工锥桶偏移增加突发障碍风险；驾驶员接管后转向幅度较大（最大8.3°），加剧了稳定性问题。,遥测显示速度从84.4km/h降至56.8km/h，制动从28%升至57%，转向从2.1°变为-1.3°。 | 端侧信号：反应时间650ms，制动上升时间361ms，TTC 2.95s，最大转向角8.3°。 | 系统日志记录降级原因码，智驾功能异常退出。 | 环境：小雨，施工锥桶偏移，车道标线清晰。 | 责任分析系统责任占比66%，驾驶员22%，环境12%。
C_D3,cloud_experiment_results_C_D3_20260518_212710Z.json,9,EXP-20260518-010,感知误检导致误制动,AUTOPILOT_FAULT,HIGH,C,D3,True,6,6,1.0,系统,驾驶员,False,0,9,0.0,5.0,5,5,146,98,1619,,,2026年5月18日，武汉东湖高新区高架匝道雾天场景下，一辆处于自动驾驶状态的车辆因感知误检前车制动灯亮起，触发系统过度制动，导致碰撞。主因为智驾系统感知降级（58%），次因为驾驶员制动响应迟缓（32%），环境雾天及车道标线模糊（10%）加剧风险。事故等级HIGH，端侧风险模型确认智驾故障。,主因：智驾感知系统在雾天条件下将前车正常制动误判为急刹，触发极强制动（峰值减速度-10.65m/s²）；次因：驾驶员反应时间580ms虽可接受，但制动上升时间594ms偏长，且未及时采取避让转向。,事故前制动踏板深度从36%升至100%，减速度峰值-10.65m/s²。 | 系统AEB未介入（aebDelayMs=-1），制动完全由驾驶员和系统共同作用。 | 驾驶员反应时间580ms，制动上升时间594ms，均处于可接受边缘。 | 端侧风险模型输出AUTOPILOT_FAULT置信偏高。 | 环境雾天，车道标线模糊，前车制动灯亮起。
C_D3,cloud_experiment_results_C_D3_20260518_212710Z.json,10,EXP-20260518-011,规划轨迹突变,AUTOPILOT_FAULT,HIGH,C,D3,True,6,5,0.8333,系统,系统,True,0,9,0.0,5.0,6,5,151,111,1979,,,2026年5月18日上海浦东新区，一辆自动驾驶车辆在长下坡接弯且伴有雾气的路段，突遇外卖非机动车占道。智驾系统规划轨迹突变并退出，驾驶员接管后制动迟缓，制动上升时间464ms、峰值减速度仅-1.8m/s²，最终以约8km/h速度碰撞。系统异常退出（62%责任）是主因，驾驶员接管响应（29%责任）次之。,主因：智驾系统在长下坡弯道雾气环境下对占道非机动车感知/规划异常，导致轨迹突变并退出（系统责任62%）。次因：驾驶员制动上升时间偏长（464ms）且峰值减速度不足（-1.8m/s²），未能完全避免碰撞（驾驶员责任29%）。,反应时间430ms，在可接受区间内。 | 制动上升时间464ms（踏板20%→80%），偏长，表明制动响应不够果断。 | 峰值减速度-1.8m/s²，远低于典型紧急制动（-8m/s²以上），制动效能不足。 | AEB在碰撞前540ms介入，但系统制动指令未及时达到最大。 | 碰撞前3秒平均速度31km/h，最终速度约8km/h，碰撞能量较低。 | 端侧风险模型标记AUTOPILOT_FAULT为HIGH等级，支持系统异常主因。
C_D3,cloud_experiment_results_C_D3_20260518_212710Z.json,11,EXP-20260518-012,传感器融合短时失效,AUTOPILOT_FAULT,HIGH,C,D3,True,6,6,1.0,系统,驾驶员,False,0,9,0.0,5.0,6,5,112,77,1432,,,苏州工业园区施工借道段发生HIGH等级自动驾驶故障事故，智驾系统传感器融合短时失效导致功能异常退出，驾驶员在525ms内接管并紧急制动但未能完全避免与突然横穿行人碰撞，系统降级为主因，驾驶员接管响应为辅，环境因素为次要诱因。,主因：传感器融合短时失效（AUTOPILOT_FAULT）导致智驾系统异常降级，未能及时识别行人横穿风险；次因：驾驶员接管响应虽及时但受限于较短避让时间。,反应时间525ms，制动上升时间417ms | 峰值减速度-1.8m/s²（碰撞级），遥测最大减速度-9.7m/s² | AEB介入时间-880ms，制动时TTC 2.96s | 事故前3s平均车速31.7km/h，方向盘最大转角8.6° | 系统日志记录AUTOPILOT_FAULT降级原因码 | 环境为多云、施工借道段、临时标线、行人横穿
C_D3,cloud_experiment_results_C_D3_20260518_212710Z.json,12,EXP-20260518-013,接管请求延迟,AUTOPILOT_FAULT,HIGH,C,D3,True,6,6,1.0,系统,驾驶员,False,1,9,0.1111,5.0,6,4,118,76,1449,"weather疑似矛盾: expected=小雨, mentioned=['雨']",,小雨快速路上，智驾系统异常退出（AUTOPILOT_FAULT），前车急刹制动灯亮起，驾驶员接管反应时间938ms偏长，制动果断但峰值减速度达-1.8m/s²，最终碰撞。系统异常为主因（62%责任），驾驶员接管延迟为次因（29%责任）。,主因：智驾系统异常退出或降级，导致驾驶权交接中断（62%）。次因：驾驶员反应时间938ms（>800ms），注意力状态可能不佳，未能及时接管（29%）。,反应时间938ms（>800ms），偏长。 | AEB介入延迟-540ms（晚于驾驶员制动）。 | 制动峰值减速度-9.84m/s²（碰撞级）。 | 事故前3s均速50.9km/h（已减速）。 | 系统责任比62%，驾驶员29%。 | 环境：小雨、快速路、模糊标线。
C_D3,cloud_experiment_results_C_D3_20260518_212710Z.json,13,EXP-20260518-014,前车急刹反应滞后,DRIVER_SLOW_REACTION,LOW,C,D3,True,6,6,1.0,驾驶员,驾驶员,True,1,8,0.125,5.0,6,5,134,92,1410,"weather疑似矛盾: expected=多云, mentioned=['夜间']",,L2辅助驾驶状态下，驾驶员在高架匝道因前车遇路面抛洒物急刹而反应滞后（1050ms），触发低等级追尾风险。主要风险源于驾驶员注意力分散导致的制动延迟，系统AEB介入较晚（-553ms），环境因素（夜间磨损标线、多云匝道）加剧了反应难度。事故等级LOW，未造成严重后果。,主因为驾驶员反应时间1050ms（>800ms阈值），注意力分散导致制动延迟；次因为系统AEB介入时机滞后（驾驶员制动后-553ms）及环境因素（路面抛洒物、高架匝道、夜间标线不清）。,驾驶员反应时间1050ms，超过正常上限800ms | 制动上升时间431ms，表明制动动作果断但起始偏晚 | AEB介入延迟-553ms，晚于驾驶员制动 | 制动时TTC 1.91s，时距尚可但未充分利用 | 事故前3s均速57.9km/h，跟车中等 | 环境：多云、匝道、路面抛洒物、夜间磨损标线
C_D3,cloud_experiment_results_C_D3_20260518_212710Z.json,14,EXP-20260518-015,夜间眩光下制动偏晚,DRIVER_SLOW_REACTION,HIGH,C,D3,True,6,5,0.8333,驾驶员,驾驶员,True,1,8,0.125,5.0,6,5,166,81,1574,"weather疑似矛盾: expected=小雨, mentioned=['雨', '夜间']",,该事故发生于武汉东湖高新区隧道入口，夜间小雨环境下，行人突然横穿，驾驶员反应时间达1456ms（超阈值），制动上升缓慢（596ms），最终以-1.8 m/s²碰撞级减速度撞击行人。主要原因为驾驶员反应不足及跟车过近，AEB系统在-785ms介入但被手轮转向抑制或无效。系统责任占比22%，环境（雨夜、隧道入口、标线不清）贡献10%。,主因：驾驶员反应延迟（1456ms）和制动操作迟缓（制动上升时间596ms）；次因：隧道入口夜间小雨导致视野受限及路面湿滑，且行人突然横穿未给驾驶员充足避让时间。,驾驶员反应时间1456ms，超过1200ms安全阈值 | 制动上升时间596ms，制动踏板反应迟缓 | AEB介入时刻-785ms，但制动效果标志为false | 事故前3s均速33km/h，但初始速度71.2km/h偏高 | 隧道入口小雨、夜间、标线磨损的环境因素 | 峰值减速度-1.8m/s²属于碰撞级，说明撞击已发生
C_D3,cloud_experiment_results_C_D3_20260518_212710Z.json,15,EXP-20260518-016,分心使用手机,DRIVER_SLOW_REACTION,LOW,C,D3,True,6,5,0.8333,驾驶员,驾驶员,True,0,8,0.0,5.0,6,5,119,99,1326,,,苏州工业园区收费站广场，多云天气，因施工临时标线和慢车占道，驾驶员分心（反应时间1309ms，超过阈值）导致制动迟缓，AEB提前432ms介入但制动有效性false，最终碰撞。主要风险为驾驶员注意力不集中和跟车过近，责任分配驾驶员68%。,主因：驾驶员反应时间过长（1309ms）且制动上升缓慢（318ms），未及时减速；次因：系统AEB制动无效（brakeEffective=false），环境因素包括慢车占道和施工标线增加驾驶复杂性。,驾驶员反应时间1309ms超过1200ms阈值 | 制动上升时间318ms，制动缓慢 | AEB提前432ms介入但brakeEffective=false | 事故前3秒平均速度49.0km/h | 环境包含慢车占道和施工临时标线 | 端侧风险模型确认DRIVER_SLOW_REACTION置信偏高
C_D3,cloud_experiment_results_C_D3_20260518_212710Z.json,16,EXP-20260518-017,跟车距离过近,DRIVER_SLOW_REACTION,MEDIUM,C,D3,True,6,5,0.8333,驾驶员,驾驶员,True,1,8,0.125,5.0,6,5,122,85,1305,"severity疑似矛盾: expected=MEDIUM, mentioned=['LOW', 'HIGH']",,2026-05-18在杭州滨江区收费站广场发生一起中度严重事故，于雾天且前车减速未打灯场景下，驾驶员因跟车过近且制动反应延迟（814ms）导致追尾风险。系统AEB提前761ms介入但未完全避免碰撞，责任偏向驾驶员（58%），系统与环境因素次之。,主因：驾驶员注意力不集中导致反应时间偏长（814ms），且跟车距离过近（制动时TTC仅3.08s）。次因：雾天降低能见度，前车未打灯警示，以及收费站广场车道反光干扰视线。,反应时间814ms（>800ms阈值） | 制动时TTC 3.08s（跟车距离不足） | AEB在碰撞前761ms介入 | 事故前3秒均速55.1km/h | 环境：雾天、雨天反光、前车未打灯 | 驾驶员制动上升时间547ms（执行果断）
C_D3,cloud_experiment_results_C_D3_20260518_212710Z.json,17,EXP-20260518-018,雨雾视距不足仍高速接近,DRIVER_SLOW_REACTION,MEDIUM,C,D3,True,6,5,0.8333,驾驶员,驾驶员,True,0,7,0.0,5.0,5,5,122,70,1279,,,雨雾天施工借道段，驾驶员反应迟缓（1317ms）且制动上升缓慢（297ms），导致在视距不足条件下未能及时减速避让偏移施工锥桶，发生低速碰撞。主要风险为驾驶员注意力分散或跟车过近，叠加系统AEB介入延时（-176ms）和恶劣环境，共同导致事故。,主因：驾驶员反应时间过长（1317ms）及制动上升缓慢（297ms），制动效能不足；次因：雾天视距受限，施工借道段锥桶偏移，环境容错空间小。,驾驶员反应时间1317ms，超过1200ms阈值 | 制动上升时间297ms，制动执行缓慢 | AEB介入延迟-176ms（相对驾驶员制动时间） | 事故前3秒均速34.4km/h，制动初段减速不足 | 环境为雾天施工借道段，锥桶偏移
C_D3,cloud_experiment_results_C_D3_20260518_212710Z.json,18,EXP-20260518-019,匝道汇流未预留时距,DRIVER_SLOW_REACTION,HIGH,C,D3,True,6,6,1.0,驾驶员,驾驶员,True,0,9,0.0,5.0,6,5,130,92,1340,,,在西安高新区城市主干道晴天环境下，车辆以约81km/h行驶时遭遇静止排队车龙末端，因驾驶员反应时间（894ms）偏长且制动上升缓慢（628ms），导致有效制动延迟，虽AEB介入但碰撞仍不可避免。事故本质是驾驶员慢反应与系统辅助延迟耦合的追尾风险，属高等级事件。,主因：驾驶员反应时间894ms（>800ms）及制动上升时间628ms过长，未预留安全时距；次因：AEB介入延迟-493ms，未能补偿驾驶员响应迟缓，制动峰值减速度仅-1.8m/s²。,制动反应时间894ms，超过800ms阈值 | 制动上升时间628ms，踏板从20%到80%缓慢 | AEB介入延迟-493ms，触发滞后 | 碰撞前TTC=1.92s，时距不足 | 最大制动减速度-9.97m/s²，但峰值仅-1.8m/s²出现在初段 | 事故前3s均速41.8km/h，远高于安全汇流速度
C_D3,cloud_experiment_results_C_D3_20260518_212710Z.json,19,EXP-20260518-020,AEB 触发过晚,AEB_DELAY_OR_MISS,HIGH,C,D3,True,6,6,1.0,系统,驾驶员,False,0,6,0.0,5.0,6,5,177,110,1597,,,该起AEB触发过晚事故发生在上海浦东新区，长下坡接弯路段，多云天气，由于前车急刹引发追尾风险。驾驶员在手动驾驶状态下制动反应时间636ms，制动果断但AEB介入延迟（-320ms），导致峰值减速度仅-1.8m/s²，未能避免碰撞。责任分析显示系统与驾驶员共同责任，系统占比47%，驾驶员41%，环境12%。主要风险在于AEB触发时机偏晚与长下坡环境叠加。,主因：AEB触发过晚（aebDelayMs=-320ms），在驾驶员已制动后系统才介入，未能及时提供额外制动力；次因：驾驶员反应时间636ms虽在可接受区间，但长下坡接弯导致制动效能衰减，且车道标线模糊可能影响系统感知。,驾驶员制动反应时间636ms，属于正常范围。 | 制动上升时间535ms，制动操作果断。 | AEB介入延迟-320ms（负值含义需确认），系统介入偏晚。 | 遥测数据最大减速度-9.84m/s²，但责任分析报告峰值减速度仅-1.8m/s²，数据不一致。 | 事故前初始速度71.8km/h，长下坡接弯环境。 | 车道标线模糊可能影响系统感知性能。
C_D3,cloud_experiment_results_C_D3_20260518_212710Z.json,20,EXP-20260518-021,静态目标未识别,AEB_DELAY_OR_MISS,HIGH,C,D3,True,6,6,1.0,系统,系统,True,2,8,0.25,5.0,5,5,91,82,1253,"severity疑似矛盾: expected=HIGH, mentioned=['LOW']；weather疑似矛盾: expected=冰雪, mentioned=['雪']",,本次事故为高级别AEB延迟事件，发生在北京亦庄冰雪城市主干道。车辆未识别未完全封闭的施工区域静态目标，导致碰撞。系统感知缺陷与驾驶员反应时间偏长共同构成主因，环境冰雪降低了制动效能。,主因：系统感知算法未能识别施工区域静态障碍物，导致AEB介入延迟（-1450ms）。次因：驾驶员反应时间偏长（956ms，>800ms），且冰雪路面使制动效能下降。,驾驶员反应时间956ms，超出建议的800ms阈值 | 制动上升时间358ms，反映制动操作果断 | AEB介入时刻为碰撞前1450ms，晚于驾驶员制动 | 制动时TTC为2.25s，时距不足以避免碰撞 | 环境冰雪且施工区域未封闭完全
C_D3,cloud_experiment_results_C_D3_20260518_212710Z.json,21,EXP-20260518-022,FCW 报警后 AEB 未跟进,AEB_DELAY_OR_MISS,MEDIUM,C,D3,True,6,5,0.8333,系统,驾驶员,False,2,8,0.25,5.0,6,5,150,112,1613,"severity疑似矛盾: expected=MEDIUM, mentioned=['LOW']；weather疑似矛盾: expected=冰雪, mentioned=['雪']",,在武汉东湖高新区冰雪长下坡接弯路段，车辆以约50km/h行驶时，FCW报警后AEB未及时介入，驾驶员制动响应时间626ms（可接受），制动时TTC仅1.97s，最终车停止前已靠近施工锥桶。系统责任54%，驾驶员36%，环境10%。风险点：AEB在冰雪弯道场景下触发延迟或未触发，与FCW仲裁链待完善。,主因：AEB系统在冰雪长下坡接弯且施工锥桶偏移场景下，FCW报警后未在预期时间内执行制动干预（AEB延迟-950ms），导致制动时TTC余量不足。次因：驾驶员反应时间虽在可接受区间，但冰雪路面制动效率降低，且无主动接管规避。,FCW报警后AEB未跟进（事件定义） | 驾驶员制动反应时间626ms（可接受） | 制动上升时间429ms（制动果断） | 制动时TTC 1.97s（余量偏紧） | 冰雪天气、长下坡接弯、施工锥桶偏移（环境复杂） | 端侧风险模型判定AEB_DELAY_OR_MISS置信偏高
C_D3,cloud_experiment_results_C_D3_20260518_212710Z.json,22,EXP-20260518-023,低速行人场景漏检,AEB_DELAY_OR_MISS,HIGH,C,D3,True,6,6,1.0,系统,系统,True,2,9,0.2222,5.0,6,4,95,69,1072,"severity疑似矛盾: expected=HIGH, mentioned=['LOW']；weather疑似矛盾: expected=多云, mentioned=['夜间']",,城市主干道低频行人场景中，AEB触发延迟导致碰撞事故。系统责任占比54%，驾驶员责任36%，环境因素10%。主要风险包括夜间磨损车道线影响感知、非机动车占道、AEB介入偏晚（-680ms）。,主因：AEB系统在低速行人场景下触发延迟（-680ms），未能及时制动；次因：驾驶员反应时间786ms偏长，且车道线磨损可能削弱感知性能。,制动时TTC为2.98秒，表明碰撞风险较高。 | AEB介入时间为-680ms，属于延迟触发。 | 驾驶员反应时间786ms，处于可接受但偏长区间。 | 峰值减速度-1.8m/s²，达到碰撞级制动。 | 车道线夜间磨损不清，可能影响视觉感知。 | 外卖非机动车占道，增加了场景复杂性。
C_D3,cloud_experiment_results_C_D3_20260518_212710Z.json,23,EXP-20260518-024,施工区域未减速,AEB_DELAY_OR_MISS,HIGH,C,D3,True,6,6,1.0,系统,系统,True,0,7,0.0,5.0,6,5,133,79,1458,,,在成都高新区园区内部路（多云）施工区域，自动驾驶车辆因AEB触发偏晚（延迟950ms）导致与突然横穿行人发生碰撞。事故等级HIGH，系统与驾驶员共责（系统48%），制动峰值减速度-1.8m/s²但反应时间879ms偏长。关键证据包括遥测数据、端侧派生信号及责任分析。,主因：AEB系统触发延迟（-950ms），未能对突然横穿行人及时制动；次因：驾驶员反应时间偏长（879ms），注意力状态可能不足，且车辆在施工区域未提前减速。,AEB触发延迟950ms，端侧风险模型标记为AEB_DELAY_OR_MISS | 驾驶员反应时间879ms，超过800ms建议关注阈值 | 制动上升时间456ms，制动果断，峰值减速度-1.8m/s² | 事故前3秒均速29.7km/h，但初始速度67.5km/h，未提前减速 | 施工区域临时标线，环境责任占9% | 系统责任占比48%，高于驾驶员的43%
C_D3,cloud_experiment_results_C_D3_20260518_212710Z.json,24,EXP-20260518-025,相邻车道侵入未抑制,AEB_DELAY_OR_MISS,HIGH,C,D3,True,6,6,1.0,驾驶员,驾驶员,True,1,8,0.125,5.0,6,5,129,77,1592,"weather疑似矛盾: expected=多云, mentioned=['雨']",,在武汉东湖高新区收费站广场，自动驾驶车辆AEB延迟/未触发导致高风险事件。驾驶员反应时间897ms（偏长），制动上升缓慢619ms，峰值减速度仅-1.8m/s²，系统AEB介入延迟320ms，未能有效避免碰撞。多层因素叠加导致风险失控，系统与驾驶员共同责任。,主因：驾驶员反应迟缓（897ms）且制动踏板上升过慢（619ms），导致减速度不足。次因：AEB系统介入偏晚（-320ms），未能及时补偿驾驶员操作缺陷。,驾驶员反应时间897ms，超过800ms阈值。 | 制动上升时间619ms，踏板从20%到80%缓慢。 | AEB介入时间-320ms，晚于理想时机。 | 峰值减速度-1.8m/s²（责任分析）与遥测-9.88m/s²不一致。 | 事故前3秒平均速度20.7km/h，制动效果不足。 | 雨天环境？输入为多云，但车道标线模糊可能影响感知。
C_D3,cloud_experiment_results_C_D3_20260518_212710Z.json,25,EXP-20260518-026,拥堵跟车时距 <1.2s,TTC_LOW_RISK,HIGH,C,D3,True,6,6,1.0,驾驶员,驾驶员,True,1,7,0.1429,5.0,6,5,145,111,1400,"severity疑似矛盾: expected=HIGH, mentioned=['LOW', 'MEDIUM']",,本次事故发生在杭州滨江区城市主干道，前车急刹时跟车时距持续低于1.2s，驾驶员制动反应时间778ms在可接受区间，但制动踏板上升缓慢（343ms），峰值减速度仅-1.8m/s²，且AEB提前152ms触发但未有效制动，最终导致碰撞风险。主要风险包括跟车时距不足、制动迟缓及系统介入效果不佳。,主因：驾驶员跟车时距不足（制动时TTC仅1.27s）且制动踏板上升过慢（343ms），导致制动效能不足；次因：AEB系统提前触发但未成功制动（brakeEffective=false），加之施工临时标线可能干扰驾驶员判断。,反应时间778ms，处于可接受区间 | 制动上升时间343ms，制动迟缓 | 制动时TTC仅1.27s，跟车时距不足 | AEB提前152ms触发但制动有效标志为false | 事故前3s平均速度47.8km/h，减速过程持续 | 环境含施工临时标线，可能影响感知
C_D3,cloud_experiment_results_C_D3_20260518_212710Z.json,26,EXP-20260518-027,cut-in 后 TTC 骤降,TTC_LOW_RISK,LOW,C,D3,True,6,5,0.8333,驾驶员,驾驶员,True,0,8,0.0,5.0,6,4,123,96,1258,,,在雾天快速路上，因前车切回（cut-in）导致跟车时距骤降，驾驶员反应时间偏长（931ms），AEB提前介入但制动时TTC仅1.21s，同时施工锥桶偏移增加路径不确定性，最终导致低速碰撞。主要风险为驾驶员注意力不足及系统对突发切入的响应策略局限。,主因：驾驶员反应时间过长（931ms），未能及时应对cut-in，导致TTC降至危险阈值。次因：系统AEB虽提前538ms触发，但制动时TTC仍不足，且雾天＋施工锥桶偏移削弱了环境感知可靠性。,驾驶员反应时间931ms，超过800ms建议阈值。 | 制动上升时间598ms，表明制动操作果断。 | AEB在驾驶员制动前538ms介入。 | 制动时TTC仅1.21s，跟车时距严重不足。 | 事故前3秒平均速度34.5km/h，持续减速。 | 最大转向角8.8°，表明有轻微避让动作。
C_D3,cloud_experiment_results_C_D3_20260518_212710Z.json,27,EXP-20260518-028,下坡车速过快导致 TTC 不足,TTC_LOW_RISK,HIGH,C,D3,True,6,6,1.0,驾驶员,驾驶员,True,0,8,0.0,5.0,6,5,147,109,1634,,,苏州工业园区快速路下坡路段，驾驶员以86.7km/h跟车时发现施工区域未完全封闭，反应时间833ms偏长，制动时TTC仅1.43s，触发TTC_LOW_RISK高风险报警。责任分析显示驾驶员为主要责任（63%），系统AEB介入时机与制动强度存疑（26%），环境因素（11%）为施工区域封闭不全。,主因：驾驶员反应时间833ms超出安全阈值，未及时充分制动导致跟车时距不足；次因：施工区域未完全封闭增加环境意外性，系统AEB峰值减速度仅-1.8m/s²（与遥测最大值-11.34m/s²矛盾）可能未达到预期制动效能。,驾驶员反应时间833ms，超过800ms安全阈值。 | 制动时TTC仅1.43s，跟车时距严重不足。 | 初始车速86.7km/h，事故前3s均速46.4km/h，减速幅度大但时机偏晚。 | 施工区域未完全封闭，环境风险客观存在。 | AEB介入时间-548ms（相对未知基准），介入时机存疑。 | 制动上升时间523ms，制动操作果断但初始力度不足。
C_D3,cloud_experiment_results_C_D3_20260518_212710Z.json,28,EXP-20260518-029,弯道出口前车减速,TTC_LOW_RISK,MEDIUM,C,D3,True,6,5,0.8333,驾驶员,驾驶员,True,1,8,0.125,5.0,6,5,120,69,1352,"weather疑似矛盾: expected=小雨, mentioned=['雨']",,高架匝道小雨环境下，前车减速未打灯，驾驶员反应时间偏长（877ms），制动时TTC仅1.08s，跟车时距严重不足。系统AEB介入较晚（-364ms），虽制动果断但未能完全避免风险，事故等级MEDIUM，主要风险为驾驶员注意力与系统响应时序。,主因：驾驶员反应时间过长（877ms），未及时感知前车减速；次因：系统AEB触发时机偏晚（-364ms），且前车未打灯增加了预测不确定性。,驾驶员反应时间877ms，超过安全阈值800ms | 制动时TTC为1.08s，远低于典型安全值2s | AEB介入延迟-364ms，系统早于驾驶员识别风险 | 前车减速未打灯，环境小雨，弯道出口视野受限 | 制动上升时间474ms，制动有效但初始力度不足 | 最终制动踏板72%，减速度峰值为-6.30m/s²
C_D3,cloud_experiment_results_C_D3_20260518_212710Z.json,29,EXP-20260518-030,绿灯起步抢行导致 TTC 不足,TTC_LOW_RISK,MEDIUM,C,D3,True,6,5,0.8333,驾驶员,驾驶员,True,1,9,0.1111,5.0,6,5,149,86,1548,"weather疑似矛盾: expected=小雨, mentioned=['雨', '夜间']",,该事故为成都高新区收费站广场小雨环境下，绿灯起步后跟车时距不足导致TTC低风险事件（MEDIUM等级）。驾驶员反应时间736ms，制动果断但初始速度较高，系统AEB介入较晚（-247ms），环境因素（小雨、夜间车道线磨损）及行人靠近路缘共同构成风险。责任分配为驾驶员68%、系统18%、环境14%。,主因为驾驶员未保持安全跟车时距，初始速度90km/h导致制动时TTC仅1.08s。次因为系统AEB介入延迟247ms，以及环境小雨、夜间车道线磨损降低制动效能和感知可靠性。,驾驶员反应时间736ms，处于可接受区间。 | 制动上升时间388ms，制动果断且有效。 | 制动时TTC仅1.08s，跟车时距严重不足。 | 系统AEB介入比驾驶员晚247ms，未提前辅助。 | 环境小雨、夜间车道线磨损，降低制动与感知效能。 | 责任分配：驾驶员68%、系统18%、环境14%。
C_D3,cloud_experiment_results_C_D3_20260518_212710Z.json,30,EXP-20260518-031,大车遮挡后突然出现的慢车,TTC_LOW_RISK,HIGH,C,D3,True,6,5,0.8333,驾驶员,驾驶员,True,2,9,0.2222,5.0,6,5,138,102,1267,"severity疑似矛盾: expected=HIGH, mentioned=['LOW']；weather疑似矛盾: expected=小雨, mentioned=['雨']",,高架匝道小雨中，大车遮挡导致驾驶员对前车急刹反应滞后，跟车时距不足（制动时TTC=0.75s）且制动上升慢（471ms），虽施加了极强制动（-11.39m/s²），仍发生低速碰撞。责任主要在于驾驶员跟车过近，系统AEB介入时机偏晚（-469ms），环境湿滑与视线遮挡加剧风险。,主因：驾驶员跟车时距过短（TTC 0.75s）且制动踏板上升缓慢（471ms），导致碰撞无法避免。次因：系统AEB在驾驶员制动后469ms才介入，未能在更早阶段辅助；小雨湿滑与匝道模糊标线减小了制动裕量。,制动时TTC仅0.75秒，远低于安全阈值（通常2秒） | 制动踏板上升时间471毫秒，属于偏慢类别 | 系统AEB在驾驶员制动后469毫秒才介入，接近碰撞 | 环境小雨且车道标线模糊，降低制动预期 | 驾驶员反应时间688毫秒，处于可接受上限 | 峰值纵向减速度-11.39m/s²，表明制动能力充足但时机晚
C_D3,cloud_experiment_results_C_D3_20260518_212710Z.json,31,EXP-20260518-032,系统请求接管后 5s 内未接管,DRIVER_TAKEOVER_FAIL,HIGH,C,D3,True,6,6,1.0,系统,驾驶员,False,1,9,0.1111,5.0,6,5,129,69,1335,"severity疑似矛盾: expected=HIGH, mentioned=['MEDIUM']",,2026年5月18日，南京市雨花台区城市主干道（晴），自动驾驶状态下前车急刹，系统发出接管请求后5秒内驾驶员未有效接管，导致碰撞。事故主因是驾驶员反应时间偏长（1173ms）及系统AEB介入延迟（-207ms），环境因素（前车急刹、车道线模糊）作为次要诱因。,主因：驾驶员接管反应不足（反应时间>800ms）且系统AEB介入过晚（-207ms）；次因：前车急刹制动灯亮起和车道线模糊削弱了避险空间。,驾驶员反应时间1173ms，超过800ms阈值 | AEB介入延迟-207ms，未能弥补反应延迟 | 制动上升时间309ms，制动果断但时机晚 | TTC在制动时为3.08秒，时距尚可但反应时间占比大 | 车道线模糊，限制横向避让 | 端侧风险模型在事故前已输出DRIVER_TAKEOVER_FAIL（高置信）
C_D3,cloud_experiment_results_C_D3_20260518_212710Z.json,32,EXP-20260518-033,双手脱离方向盘,DRIVER_TAKEOVER_FAIL,MEDIUM,C,D3,True,6,5,0.8333,系统,驾驶员,False,2,8,0.25,5.0,7,5,126,98,1191,"severity疑似矛盾: expected=MEDIUM, mentioned=['HIGH']；weather疑似矛盾: expected=侧风偏大, mentioned=['雨', '夜间']",,在南京雨花台区城市主干道，因驾驶员在系统请求接管后反应时间过长（1454ms）且未及时握盘，导致碰撞风险增加。系统责任略高于驾驶员，但驾驶员的接管不足是主要触发因素。环境因素包括侧风偏大和夜间车道标线磨损，加剧了变道挤压场景下的操作难度。事件等级为中。,主因：驾驶员接管响应不足，反应时间超1200ms阈值，未能及时控制方向盘；次因：系统请求接管后AEB介入时机可优化（提前586ms），但驾驶员未配合转向，且环境侧风与车道线不清增加了操作不确定性。,反应时间1454ms，超过1200ms安全阈值 | 制动上升时间399ms，表明紧急制动果断 | AEB提前586ms介入，提供辅助减速 | 制动时TTC 2.14s，碰撞风险较高 | 相邻车道变道挤压与侧风偏大环境记录 | 夜间车道标线磨损，影响视线 | 驾驶员接管摘要：未及时握盘
C_D3,cloud_experiment_results_C_D3_20260518_212710Z.json,33,EXP-20260518-034,接管后方向修正过量,DRIVER_TAKEOVER_FAIL,LOW,C,D3,True,6,5,0.8333,系统,系统,True,0,9,0.0,5.0,6,5,109,80,1528,,,广州黄埔区长下坡弯道雾天，路面有抛洒物，系统请求接管后驾驶员反应时间920ms偏长，制动果断但转向修正过量（最大4.3°），导致AEB介入延迟-214ms，责任分布系统50%、驾驶员39%、环境11%，风险等级LOW。,主因：驾驶员接管响应不足（反应时间>800ms）且方向修正过量；次因：系统在复杂场景（雾、长下坡、弯道、临时标线、抛洒物）下未预留充分安全冗余，AEB介入滞后。,反应时间920ms超过800ms建议阈值 | 制动上升时间346ms显示制动果断 | AEB介入延迟-214ms（早于制动） | 事故前TTC 3.07s，时距尚可 | 最大转向角4.3°，超出正常修正范围 | 环境：雾天、长下坡接弯、路面抛洒物、施工临时标线
C_D3,cloud_experiment_results_C_D3_20260518_212710Z.json,34,EXP-20260518-035,L3 降级时驾驶员未响应,DRIVER_TAKEOVER_FAIL,LOW,C,D3,True,6,5,0.8333,驾驶员,驾驶员,True,0,8,0.0,5.0,6,5,144,99,1470,,,2026年5月18日苏州工业园区发生一起L3降级时驾驶员未成功接管的事故。系统在侧风偏大、有路面抛洒物的城市主干道请求接管，驾驶员反应时间长达1362ms，虽然后续制动果断，但总体责任倾向驾驶员接管不足。事故等级为LOW，自动驾驶状态为L2辅助，涉及系统请求、驾驶员响应与环境干扰三因素。,主因：驾驶员接管反应时间过长（1362ms>1200ms），未能及时响应系统接管请求。次因：系统在侧风偏大环境下触发降级，且抛洒物增加了场景复杂度，AEB介入时机（-146ms）可能影响驾驶员判断。,驾驶员反应时间1362ms，超过1200ms安全阈值。 | 制动上升时间591ms，显示制动操作果断。 | AEB介入时间早于驾驶员制动146ms。 | 制动时TTC为2.18秒，时距尚可。 | 事故前3秒平均车速69.6km/h，转向最大角4.4°。 | 环境包括侧风偏大和路面抛洒物。
C_D3,cloud_experiment_results_C_D3_20260518_212710Z.json,35,EXP-20260518-036,拥堵跟车系统退出未制动,DRIVER_TAKEOVER_FAIL,LOW,C,D3,True,6,5,0.8333,系统,驾驶员,False,0,8,0.0,5.0,6,4,101,103,1206,,,高架匝道拥堵跟车场景下，L2辅助驾驶系统因施工锥桶偏移退出并请求接管，驾驶员响应时间过长（920ms），虽随后制动果断，但终因接管不足导致轻微碰撞。主要风险包括驾驶员注意力不足、系统退出后制动辅助延迟。,主因：驾驶员接管响应时间显著偏长（920ms，超过800ms阈值），未能及时干预。次因：L2系统在检测到施工锥桶偏移后退出自适应巡航，但未能提供足够的自动紧急制动或提前预警，AEB介入较晚（-251ms）。,驾驶员反应时间920ms，超过800ms阈值 | 制动上升时间286ms，制动果断 | AEB在驾驶员制动前251ms介入 | 制动时TTC为1.85s，时距尚可 | 事故前3s平均速度43km/h | 环境因素：多云、施工锥桶偏移、反光路面
C_D3,cloud_experiment_results_C_D3_20260518_212710Z.json,36,EXP-20260518-037,驾驶员误踩加速踏板,DRIVER_TAKEOVER_FAIL,HIGH,C,D3,True,6,6,1.0,系统,系统,True,0,7,0.0,5.0,6,5,178,115,2414,,,在深圳南山施工借道段，自动驾驶状态下前车急刹，系统发出接管请求后驾驶员965ms才反应，且未及时握盘，导致制动响应延迟。尽管后续制动果断（踏板上升450ms），峰值减速度-1.8m/s²，但因反应滞后且AEB提前394ms介入，仍发生碰撞。系统接管提示有效性、驾驶员注意力状态及施工段车道模糊是主要风险因素，责任分配为系统50%、驾驶员39%、环境11%。,主因：系统发出接管请求后驾驶员未及时握盘（反应时间965ms>800ms），导致接管动作不当。次因：施工借道段车道标线模糊，环境视线干扰；前车急刹触发高需求场景，系统AEB过早介入（-394ms）可能引发驾驶员困惑，加剧反应延迟。,驾驶员反应时间965ms，超过800ms阈值，支持接管不足主因。 | AEB提前394ms介入，表明系统感知但驾驶员响应未同步。 | 制动上升时间450ms，峰值减速度-1.8m/s²，后续操作果断。 | 施工借道段车道标线模糊，环境因素降低感知效率。 | 事故前3s均速20.7km/h，已大幅降速但仍碰撞。 | 前车急刹制动灯亮起，触发紧急场景。
C_D3,cloud_experiment_results_C_D3_20260518_212710Z.json,37,EXP-20260518-038,团雾突发能见度骤降,ENVIRONMENT_DISTURB,HIGH,C,D3,True,6,5,0.8333,驾驶员,环境,False,1,8,0.125,5.0,5,4,141,110,1495,"weather疑似矛盾: expected=小雨, mentioned=['雨', '雾']",,在南京雨花台区隧道入口，小雨团雾导致能见度骤降，一名行人突然横穿，L2辅助驾驶车辆未能完全避免碰撞。事故责任呈多因素分布：驾驶员占47%（反应时间798ms可接受但制动上升过慢），系统占24%（AEB提前482ms介入但制动效能不足），环境占29%（团雾、小雨、隧道入口复合扰动）。,主因：环境突变（团雾+小雨+隧道入口）造成能见度骤降，行人横穿形成紧急避险场景。次因：系统制动上升时间达344ms（过慢）且峰值减速度仅-1.8m/s²（实际遥测中有更高值，但责任分析数据如此），导致制动效能未充分发挥。,事故前3秒平均车速33.7km/h，初始车速72km/h，表明已进行减速但力度不足。 | 制动上升时间344ms，超过行业典型值（约200ms），制动建压迟缓。 | AEB在驾驶员制动前482ms介入，但制动辅助效果不佳。 | 环境等级为HIGH，团雾与小雨复合导致能见度骤降。 | 行人横穿与隧道入口几何特征的组合增加了避险难度。
C_D3,cloud_experiment_results_C_D3_20260518_212710Z.json,38,EXP-20260518-039,路面结冰侧滑,ENVIRONMENT_DISTURB,LOW,C,D3,True,6,4,0.6667,驾驶员,驾驶员,True,0,8,0.0,5.0,6,5,124,91,1439,,,在武汉东湖高新区长下坡弯道（雾）路段，路面结冰叠加施工临时标线，慢车占道导致风险。驾驶员反应时间921ms偏长、制动上升503ms过慢，AEB提前478ms介入但因低附着系数未能有效减速，车辆侧滑。环境扰动与人因反应滞后共同作用，引发低速碰撞事故。,主因：路面结冰导致附着系数降低，驾驶员在弯道制动转向时车辆侧滑。次因：驾驶员反应时间超800ms阈值，制动上升时间过长，制动有效标志为false；系统AEB虽提前介入但制动响应延迟。,驾驶员反应时间921ms超过800ms阈值 | 制动上升时间503ms，制动有效标志为false | AEB在驾驶员制动前478ms介入 | 制动时TTC为1.64秒 | 事故前3秒均速63.7km/h，速度持续下降 | 环境：雾、长下坡弯道、施工临时标线、慢车占道
C_D3,cloud_experiment_results_C_D3_20260518_212710Z.json,39,EXP-20260518-040,强光逆光相机失效,ENVIRONMENT_DISTURB,HIGH,C,D3,True,6,5,0.8333,驾驶员,驾驶员,True,0,7,0.0,5.0,6,4,183,103,1272,,,本事件为高架匝道雾天环境下，驾驶员响应前车急刹制动灯时，因强光逆光导致相机失效，触发环境扰动事故。系统L2辅助驾驶状态下，驾驶员反应时间偏长（842ms），但制动果断（上升时间552ms），峰值减速度-11.37m/s²，AEB介入延迟-814ms，最终碰撞无法避免。事故责任多因素交织：环境扰动显著（29%），驾驶员反应延迟（47%），系统策略响应不足（24%）。,主因：雾天强光逆光导致前车制动灯识别延迟，驾驶员反应时间达842ms，超过安全阈值。次因：AEB介入时机较晚（-814ms），且系统未提前预警或增强制动辅助；道路几何（高架匝道）和低附着系数（雾）加剧风险。,反应时间842ms > 800ms阈值，表明注意力或感知延迟。 | AEB介入延迟-814ms，与驾驶员制动几乎同时，未提前干预。 | 制动上升时间552ms，峰值减速度-11.37m/s²，显示紧急制动有效但不足。 | 环境条件：雾+强光逆光+匝道+反光，相机功能受限。 | 事故前3s均速19.6km/h，已大幅减速但未停止。 | 责任分析倾向多因素，环境扰动占29%，驾驶员47%，系统24%。
C_D3,cloud_experiment_results_C_D3_20260518_212710Z.json,40,EXP-20260518-041,横风高架桥面偏移,ENVIRONMENT_DISTURB,MEDIUM,C,D3,True,6,5,0.8333,驾驶员,环境,False,1,9,0.1111,5.0,6,5,126,93,1708,"weather疑似矛盾: expected=大雨, mentioned=['雨']",,大雨天气下，快速路高架桥面因横风及施工临时标线，导致相邻车道车辆变道挤压，自动驾驶系统虽提前497ms介入AEB，但驾驶员反应与系统策略交织，最终发生中等程度环境扰动事件。主要风险来自湿滑路面制动效能下降、横风侧向力干扰以及临时标线对车道边界的模糊化。,主因为环境扰动：大雨导致路面附着系数降低，横风引发车辆横向偏移，叠加施工临时标线混淆车道边界；次因为相邻车道变道挤压触发紧急避让，驾驶员726ms反应时间虽可接受但制动后车辆仍侧向失稳。,事故前4.2s至1.6s制动深度从30%线性增至76%，显示持续主动减速。 | 转向角由2.1°变为-0.4°，表明有两次方向修正（先右后左）。 | AEB提前497ms介入，制动上升时间585ms，制动果断有效。 | 制动时TTC=1.93s，时距在湿滑条件下属中等风险。 | 事故前3s均速45.2km/h，远低于初始速度63.6km/h。 | 环境因素：大雨、施工临时标线、相邻车道变道挤压。
C_D3,cloud_experiment_results_C_D3_20260518_212710Z.json,41,EXP-20260518-042,积水水滑,ENVIRONMENT_DISTURB,HIGH,C,D3,True,6,6,1.0,驾驶员,系统,False,1,9,0.1111,5.0,6,5,183,103,2045,"weather疑似矛盾: expected=多云, mentioned=['雨']",,2026年5月18日，苏州工业园区城市主干道发生一起环境扰动（积水水滑）导致的自车与前车碰撞事故。事故等级HIGH，自动驾驶状态。前车急刹后自车制动响应迟缓，制动上升时间589ms，峰值减速度仅-1.8m/s²（远低于干燥路面能力），AEB在碰撞前781ms介入但仍未能避免碰撞。多因素交织：环境附着系数突变、系统制动策略保守、人因反应时间500ms处于可接受区间。,主因：路面积水导致附着系数突变，制动减速度受限（实测峰值-1.8m/s²）。次因：制动上升时间589ms偏长（踏板20%→80%耗时过久），叠加施工临时标线导致车道线模糊，影响系统与驾驶员对距离的精确判断。,制动上升时间589ms（踏板20%→80%），显著偏长。 | 峰值减速度-1.8m/s²（责任分析数据），对比遥测后期出现-10.47m/s²但整体制动效能不足。 | AEB介入时间为碰撞前781ms，但未能避免碰撞。 | 前车急刹制动灯亮起，环境明确为积水水滑。 | 施工临时标线可能影响车道保持和驾驶决策。 | 事故前3s均速17.1km/h，但初始速度48km/h，降速过程因低附着被拉长。
C_D3,cloud_experiment_results_C_D3_20260518_212710Z.json,42,EXP-20260518-043,夜间无照明行人横穿,ENVIRONMENT_DISTURB,MEDIUM,C,D3,True,6,5,0.8333,驾驶员,驾驶员,True,1,7,0.1429,5.0,6,5,105,82,1609,"weather疑似矛盾: expected=大雨, mentioned=['雨', '夜间']",,夜间大雨快速路场景下，因前车突然减速未开启警示灯，加之路面湿滑导致制动效能不足，本车在自动驾驶模式下发生追尾事故。风险类型为环境扰动，严重度中等，主要成因包括驾驶反应、系统制动迟滞与环境附着系数降低的交互作用。,主因：大雨导致路面附着系数降低，车辆制动距离显著延长，且前车突然减速未打灯增加感知难度。次因：驾驶员制动上升时间偏长（497ms），AEB介入虽早但制动效果不充分。,驾驶员反应时间759ms，处于可接受区间 | 制动上升时间497ms，偏慢，可能削弱制动效果 | AEB在驾驶员制动前509ms已介入 | 制动时TTC为2.99s，理论上足够但实际失效 | 大雨天气与快速路组合降低附着力 | 制动有效字段为false，表明未避免碰撞
C_D3,cloud_experiment_results_C_D3_20260518_212710Z.json,43,EXP-20260518-044,人-车-路-环境多因素叠加,MULTI_FACTOR,MEDIUM,C,D3,True,6,6,1.0,驾驶员,驾驶员,True,2,9,0.2222,5.0,6,5,136,83,1395,"severity疑似矛盾: expected=MEDIUM, mentioned=['HIGH']；weather疑似矛盾: expected=多云, mentioned=['晴', '阴']",,2026年5月18日深圳南山区高架匝道发生多因素碰撞事故，涉及人-车-路-环境综合因素。驾驶员反应时间434ms，制动果断，但AEB介入延迟474ms。事故时天气多云，路面有施工临时标线，匝道汇流冲突为主要诱因。责任倾向多方共同作用，驾驶员45%，系统31%，环境24%。,主因为匝道汇流冲突导致驾驶决策压力，叠加施工临时标线降低车道识别清晰度。次因为AEB系统介入延迟474ms，未能在驾驶员制动后及时辅助增强制动力，削弱了系统冗余价值。,反应时间434ms，在正常范围（<500ms）。 | 制动上升时间583ms，制动果断，最大制动深度76%。 | AEB介入延迟474ms（相对驾驶员制动时刻）。 | 制动时TTC 1.51s，属于临界安全时距。 | 事故前3s平均车速46.3km/h，高于常规匝道推荐限速（40km/h）。 | 施工临时标线存在，可能干扰车道保持和路径预期。
C_D3,cloud_experiment_results_C_D3_20260518_212710Z.json,44,EXP-20260518-045,施工改道+感知降级+驾驶员分心,MULTI_FACTOR,MEDIUM,C,D3,True,6,5,0.8333,驾驶员,驾驶员,True,1,9,0.1111,5.0,6,5,100,59,1371,"weather疑似矛盾: expected=冰雪, mentioned=['雪']",,广州黄埔区快速路冰雪天气下，因施工改道导致临时标线不清，叠加驾驶员分心及车辆感知降级，在匝道汇流区发生多因素碰撞事故。事故等级中等，AEB提前介入但仍未避免碰撞，责任倾向为驾驶员主导，环境与系统次要。,主因为驾驶员在冰雪施工路段分心驾驶，未能及时识别匝道汇流冲突；次因为环境因素（冰雪路面、临时标线）影响车辆操控与感知。,驾驶员反应时间578ms在可接受范围内。 | 制动上升时间594ms表明制动操作果断。 | 事故前3s均速61.6km/h，持续减速。 | AEB提前-209ms介入。 | 环境为冰雪、施工改道、匝道汇流冲突。 | 责任分析显示驾驶员、系统、环境占比为54%、18%、28%。
C_D3,cloud_experiment_results_C_D3_20260518_212710Z.json,45,EXP-20260518-046,恶劣天气+跟车过近+AEB 保守策略,MULTI_FACTOR,MEDIUM,C,D3,True,6,6,1.0,驾驶员,驾驶员,True,1,8,0.125,5.0,6,5,100,85,1496,"weather疑似矛盾: expected=大雨, mentioned=['雨']",,大雨天气下，驾驶员在城市主干道跟车过近，遇慢车占道，虽反应及时（433ms）且制动果断，但制动距离不足，AEB提前163ms介入但策略保守，最终发生中等程度碰撞事故，属于人、系统、环境多因素耦合事件。,主因为驾驶员跟车过近，未根据大雨湿滑路面调整安全距离；次因为AEB系统在湿滑路面的制动介入策略偏保守，制动力不足，且环境因素（大雨、路面摩擦系数降低）显著削弱了制动效果。,反应时间433ms，处于正常范围 | 制动上升时间549ms，制动果断 | AEB介入提前163ms（aebDelayMs=-163） | 制动时TTC 2.92s，安全时距偏短 | 最大制动深度76%后回落至72%，减速度波动 | 环境大雨，路面反光，车道线辨识困难
C_D3,cloud_experiment_results_C_D3_20260518_212710Z.json,46,EXP-20260518-047,匝道+大车遮挡+前车急刹,MULTI_FACTOR,HIGH,C,D3,True,6,5,0.8333,驾驶员,驾驶员,True,1,6,0.1667,5.0,6,5,165,109,1796,"weather疑似矛盾: expected=小雨, mentioned=['雨']",,2026年5月18日深圳南山区施工借道段，小雨天气下，一辆手动驾驶车辆（速度约89km/h）因前方大车遮挡视线，遇行人突然横穿，驾驶员反应时间827ms偏长，虽制动果断（峰值减速度-1.8m/s²），但AEB介入滞后237ms，最终发生碰撞。多因素共同作用：人因（反应慢）、环境（小雨、施工、行人横穿）、系统（AEB延迟）均显著。,主因：驾驶员注意力不足导致反应延迟（827ms>800ms），未能及时识别行人横穿风险。次因：环境因素（小雨、施工借道段、大车遮挡视线）加剧了感知难度；AEB系统介入时机偏晚（滞后237ms），未能补偿驾驶员反应不足。,驾驶员反应时间827ms，超过800ms阈值，表明注意力不足。 | 制动上升时间446ms，制动踏板从20%至80%用时合理，制动果断。 | AEB介入时间为制动前237ms，但未完全避免碰撞。 | 事故前3s平均车速48.6km/h，末端车速15.1km/h，制动效果显著。 | 环境：小雨、施工借道段、行人突然横穿，共同增加风险。 | 责任比例：驾驶员61%，环境24%，系统15%。
C_D3,cloud_experiment_results_C_D3_20260518_212710Z.json,47,EXP-20260518-048,夜间+眩光+非机动车占道,MULTI_FACTOR,HIGH,C,D3,True,6,6,1.0,驾驶员,驾驶员,True,2,10,0.2,5.0,6,5,114,89,1544,"severity疑似矛盾: expected=HIGH, mentioned=['LOW', 'MEDIUM']；weather疑似矛盾: expected=晴, mentioned=['夜间']",,该起事故发生在杭州滨江区施工借道段，夜间环境下前车急刹，驾驶员反应时间偏长（825ms）、制动上升过慢（409ms），叠加AEB介入延迟（-685ms），导致碰撞。本质是驾驶员注意力不足、系统触发策略与复杂环境耦合的多因素风险。,主因为驾驶员反应时间超过800ms且制动效能缓慢，未能及时施加有效制动；次因为AEB介入较晚（延迟-685ms）以及夜间施工段标线模糊、可能存在的眩光干扰，削弱了感知与决策能力。,驾驶员反应时间825ms，超过800ms阈值，属偏长 | 制动上升时间409ms，从20%到80%缓慢，表明制动响应滞后 | AEB介入延迟-685ms，触发时TTC=2.0s但制动未有效建立 | 峰值减速度-1.8m/s²出现在制动初期，后期减速度达-11.49m/s²但为时已晚 | 事故前3s均速18.2km/h，速度下降缓慢 | 环境因素：夜间施工段、标线模糊，前车急刹制动灯亮起
C_D3,cloud_experiment_results_C_D3_20260518_212710Z.json,48,EXP-20260518-049,系统提示弱+环境复杂+接管犹豫,MULTI_FACTOR,HIGH,C,D3,True,6,6,1.0,驾驶员,驾驶员,True,1,10,0.1,5.0,6,5,163,83,1351,"weather疑似矛盾: expected=多云, mentioned=['雨']",,本次事故为多因素共同作用的高风险事件，发生在南京雨花台区快速路施工区域未完全封闭处。环境复杂（多云、反光），系统提示较弱，驾驶员制动反应时间可接受（502ms）但制动上升过慢（404ms），导致减速度不足，最终以约5.2km/h速度碰撞。责任主要归于驾驶员疏忽（61%）与环境干扰（24%），系统提示不足（15%）为次要因素。,主因：驾驶员对施工区域警惕不足，制动踏板上升过慢（404ms），未及时建立有效减速度。次因：系统警示强度弱，且施工区域未完全封闭，结合多云反光环境导致驾驶员视觉混淆。,反应时间502ms（可接受） | 制动上升时间404ms（过长） | AEB介入时间-152ms（提前于驾驶员） | 制动时TTC 2.54秒 | 最大转向角3.0°（非避让性） | 施工区域未封闭完全，多云反光
C_D3,cloud_experiment_results_C_D3_20260518_212710Z.json,49,EXP-20260518-050,多车交互+信号延迟+制动不足,MULTI_FACTOR,HIGH,C,D3,True,6,6,1.0,驾驶员,驾驶员,True,2,8,0.25,5.0,6,5,157,103,1446,"severity疑似矛盾: expected=HIGH, mentioned=['LOW', 'MEDIUM']；weather疑似矛盾: expected=小雨, mentioned=['雨']",,城市主干道小雨天气下，自车以约57.8km/h行驶时，前车急刹制动灯亮起，系统反应时间935ms偏长，AEB延迟介入-363ms（AEB实际触发在驾驶员制动之后），最终碰撞前峰值减速度达-10.27m/s²，多因素综合导致碰撞。责任分析显示驾驶员反应延迟（61%）与环境（24%）为主因，系统策略（15%）为次因。,主因：驾驶员反应时间过长（935ms>800ms），且初始制动请求偏晚；次因：AEB系统延迟介入（-363ms）未能提前补偿，加之小雨路面湿滑降低制动效能，共同导致TTC不足（2.79s时才开始有效制动）。,驾驶员反应时间935ms，超过800ms阈值，表明注意力或突发响应不足 | AEB延迟时间-363ms（AEB实际动作在驾驶员制动后） | 制动踏板从20%到80%用时453ms，制动果断但整体时机偏晚 | 峰值减速度-10.27m/s²，接近车辆制动极限 | 事故前3s平均车速22.2km/h，最终碰撞速度5.2km/h | 天气小雨，路面湿滑可能降低制动效能
C_D4,cloud_experiment_results_C_D4_20260518_212828Z.json,0,EXP-20260518-001,追尾碰撞（跟车过近）,COLLISION,HIGH,C,D4,True,6,6,1.0,驾驶员,系统,False,0,9,0.0,5.0,5,4,62,106,2018,,,追尾碰撞（跟车过近），发生于苏州工业园区隧道入口雾天，施工区域未完全封闭。碰撞等级HIGH，自动驾驶状态L2_ASSIST。,驾驶员对前方施工区域及隧道入口雾天环境感知不足，制动反应延迟（反应时间888ms），且AEB介入无效（aebDelayMs=-775ms表示AEB在驾驶员制动前已触发但未避免碰撞），导致跟车距离过小无法避免追尾。,遥测显示制动踏板开度逐步增大至100%，但减速度未达理想值（max -10.62m/s²），制动无效标志为true。 | 反应时间888ms，高于典型驾驶员反应时间（约700-800ms），提示警惕性不足。 | AEB延迟为负值（-775ms），表明系统在驾驶员动作前已开始制动，但未能阻止碰撞。 | 最大转向角8.2度出现在最后2秒，表明有避让意图。 | 风险预测模型输出COLLISION置信偏高，一致指向碰撞。
C_D4,cloud_experiment_results_C_D4_20260518_212828Z.json,1,EXP-20260518-002,侧向刮擦（变道冲突）,COLLISION,HIGH,C,D4,True,6,6,1.0,驾驶员,驾驶员,True,0,9,0.0,4.8,6,1,52,79,1849,,,【侧向刮擦（变道冲突）】COLLISION，HIGH等级；发生于城市主干道（晴），涉及前车急刹制动灯亮起,驾驶员对前车急刹的响应延迟（反应时间1299ms）且制动干预不足（TTC=1.62s时开始制动），叠加变道过程中的转向操作（最大转向角7.4°）导致侧向刮擦。,碰撞前4.2秒车速74.5km/h，制动开度36% | 碰撞前2.25秒制动达100%，最大减速度-11.05m/s² | 转向角在-1.6°至7.4°之间变化，最大转向角7.4°（居前2秒） | 端侧反应时间1299ms，TTC=1.62s时开始制动 | AEB延迟-361ms（AEB未提前触发） | 制动有效但最终车速10km/h时发生碰撞
C_D4,cloud_experiment_results_C_D4_20260518_212828Z.json,2,EXP-20260518-003,静止障碍碰撞,COLLISION,LOW,C,D4,True,6,5,0.8333,驾驶员,驾驶员,True,0,10,0.0,4.6,6,4,42,69,1503,,,【静止障碍碰撞】COLLISION，LOW等级；发生于城市主干道（晴），涉及慢车占道,驾驶员反应不足，制动未完全施加（最大制动57%），且未及时转向避让，导致碰撞静止障碍（慢车）。AEB介入延迟（-293ms）未能有效补偿。,碰撞前4.2秒速度从87.8km/h降至60.2km/h，减速度有限 | 最大制动百分比57%，未达全力制动 | 驾驶员反应时间783ms，制动上升时间545ms | TTC at brake 2.41秒，制动有效标志false | AEB延迟-293ms，表明AEB介入在驾驶员刹车后 | 最大转向角仅3.9°，未进行大幅避让
C_D4,cloud_experiment_results_C_D4_20260518_212828Z.json,3,EXP-20260518-004,倒车碰撞非机动车,COLLISION,LOW,C,D4,True,6,5,0.8333,驾驶员,驾驶员,True,0,11,0.0,4.35,9,5,45,56,1502,,,【倒车碰撞非机动车】COLLISION，LOW等级；发生于收费站广场（晴），涉及路面抛洒物,驾驶员对路面抛洒物及非机动车突然出现的反应延迟（1150ms）及制动介入不足（最大制动57%），导致碰撞不可避免,遥测：速度从73.80km/h线性降至46.20km/h，制动从28%增至57% | 方向盘转角最大4.4°，出现在t=-2.25s附近 | 反应时间1150ms（从事件触发到制动开始） | 制动上升时间330ms | AEB延迟-669ms（表示AEB先于驾驶员制动触发） | 制动时TTC为2.39秒 | 制动有效（brakeEffective:true） | 无明确接管请求 | 风险模型：COLLISION置信偏高
C_D4,cloud_experiment_results_C_D4_20260518_212828Z.json,4,EXP-20260518-005,环岛内连环碰撞,COLLISION,MEDIUM,C,D4,True,6,5,0.8333,驾驶员,驾驶员,True,0,9,0.0,4.6,7,4,41,78,1103,,,环岛内连环碰撞，施工借道段，L2辅助驾驶，驾驶员反应迟缓且制动无效，导致低速碰撞。,驾驶员对施工借道段汇流车辆识别过晚，反应时间达1334ms，且制动系统未有效减速（brakeEffective=false），最终以约20km/h速度碰撞。,碰撞前4.2秒车速57km/h，制动0-56%后达76%再回落至72% | 反应时间1334ms（端侧计算） | 制动有效标志为false | 最大转向角4.5°，但最终方向接近直行 | AEB介入延迟-634ms（意义待确认） | TTC at brake 2.21秒 | 事件类型COLLISION，等级MEDIUM
C_D4,cloud_experiment_results_C_D4_20260518_212828Z.json,5,EXP-20260518-006,匝道末端减速不及,COLLISION,MEDIUM,C,D4,True,6,5,0.8333,驾驶员,系统,False,1,9,0.1111,5.0,6,4,86,81,1678,"weather疑似矛盾: expected=小雨, mentioned=['雨']",,【匝道末端减速不及】COLLISION，MEDIUM等级；发生于隧道入口（小雨），涉及慢车占道。触发碰撞接触或显著减速，EDR可佐证，边缘节点已上传摘要哈希。自动驾驶状态。,系统在匝道末端对慢车占道场景的感知或减速策略不足，导致制动开始时间较晚（反应时间1269ms），尽管AEB有提前（-602ms）但制动强度逐渐增大仍未能避免碰撞。,速度从58.7km/h降至21.9km/h，制动从30%升至72% | 反应时间1269ms，AEB提前602ms启动 | TTC开始制动时2.94秒 | 制动有效但碰撞发生 | 最大转向角6.2° | 自动驾驶模式，无驾驶员接管请求
C_D4,cloud_experiment_results_C_D4_20260518_212828Z.json,6,EXP-20260518-007,隧道内低速追尾,COLLISION,MEDIUM,C,D4,True,6,5,0.8333,驾驶员,驾驶员,True,1,10,0.1,5.0,8,4,57,92,1714,"weather疑似矛盾: expected=冰雪, mentioned=['雪']",,隧道内低速追尾事故，等级MEDIUM，发生在上海浦东新区快速路，路面冰雪，涉及行人靠近路缘，车辆处于手动驾驶状态。,驾驶员对前方行人/障碍物反应延迟（反应时间1221ms），制动时机偏晚且制动效能不足（brakeEffective:false），加之冰雪路面附着力低导致减速度未达预期，最终低速追尾。,遥测序列显示持续减速但制动效果有限 | 驾驶员反应时间1221ms | 制动上升时间532ms | TTC at brake 2.11秒 | 制动有效标志为false | 最大转向角5.3° | AEB延迟为负值（-525ms） | 端侧风险模型输出COLLISION高置信
C_D4,cloud_experiment_results_C_D4_20260518_212828Z.json,7,EXP-20260518-008,NOA 异常退出未提示,AUTOPILOT_FAULT,HIGH,C,D4,True,6,6,1.0,系统,驾驶员,False,0,9,0.0,5.0,6,4,59,51,1883,,,NOA异常退出未提示，AUTOPILOT_FAULT，HIGH等级；发生于园区内部路（侧风偏大），涉及右侧车辆强行切入,系统在侧风偏大且右侧车辆强行切入的复合工况下，感知或决策模块触发降级退出，但未及时向驾驶员发出接管提示,遥测显示车速从67.5km/h持续下降至7.5km/h，制动深度最高100% | 转向角度在最后2秒内最大变化5.5°，表明有调整 | 端侧AEB延迟-880ms，TTC at brake 2.62秒 | 反应时间730ms，制动上升时间312ms | driverTakeoverSummary无明确接管请求 | riskPredictionSummary提示AUTOPILOT_FAULT置信偏高
C_D4,cloud_experiment_results_C_D4_20260518_212828Z.json,8,EXP-20260518-009,横向控制振荡诱发偏离,AUTOPILOT_FAULT,LOW,C,D4,True,6,5,0.8333,系统,系统,True,1,11,0.0909,5.0,6,4,60,85,1656,"weather疑似矛盾: expected=小雨, mentioned=['雨']",,横向控制振荡诱发偏离：AUTOPILOT_FAULT，LOW等级；发生于西安高新区收费站广场（小雨），涉及施工锥桶偏移。,系统在感知到施工锥桶后，横向控制出现振荡（最大转向角8.3°），叠加制动请求（-0.90至-4.20 m/s²）导致车辆偏离预期路径，触发AUTOPILOT_FAULT。,速度从84.40 km/h降至56.80 km/h，制动强度从28%增至57%，减速持续 | 转向角从+2.10°变至-1.30°，存在左右振荡 | 最大转向角8.3°（过去2秒内）表明横向控制幅度大 | AEB在制动前-280ms已介入，TTC=2.95s | 反应时间650ms，制动上升时间361ms | 事故地点为收费站广场，小雨，有施工锥桶
C_D4,cloud_experiment_results_C_D4_20260518_212828Z.json,9,EXP-20260518-010,感知误检导致误制动,AUTOPILOT_FAULT,HIGH,C,D4,True,6,5,0.8333,系统,系统,True,0,10,0.0,5.0,8,5,119,58,2088,,,感知误检导致误制动：AUTOPILOT_FAULT事件，发生武汉东湖高新区高架匝道（雾），前车急刹制动灯亮起，系统主动制动但brakeEffective=false，车速由76.4km/h降至10.6km/h，未触发AEB，无驾驶员接管。,感知系统在雾天环境下误将前车正常制动识别为需要紧急制动，触发智驾功能异常降级，导致非必要制动并可能引发后续控制振荡。,遥测显示制动踏板深度100%但brakeEffective=false，表明执行异常 | AEB延迟为-1ms，未见AEB触发记录 | 反应时间580ms，制动上升时间594ms，属正常范围 | TTC at brake=2.25秒，理论上足够避免碰撞 | 转向角度最大8.8度，未出现剧烈转向 | 端侧风险模型输出AUTOPILOT_FAULT高置信度 | 事件摘要明确标注‘感知误检导致误制动’ | 环境条件为雾天，可能影响感知算法性能
C_D4,cloud_experiment_results_C_D4_20260518_212828Z.json,10,EXP-20260518-011,规划轨迹突变,AUTOPILOT_FAULT,HIGH,C,D4,True,6,6,1.0,系统,系统,True,0,9,0.0,5.0,4,4,129,69,2076,,,在高置信度下，本次AUTOPILOT_FAULT事件（ID: EXP-20260518-011）发生于上海浦东（雾天），长下坡接弯路段，外卖非机动车占道。系统规划轨迹突变，导致紧急制动和转向，最终低速情况下可能发生碰撞或危险停车。端侧风险模型复现置信度偏高。,感知系统在雾天条件下对前方非机动车占道检测延迟或漏检，规划模块未能生成合理避让轨迹，导致紧急制动时机过晚且转向幅度不足，最终制动效果无效。,遥测显示制动踏板从36%持续增至100%，但减速度最大仅-10.82 m/s²，低于预期。 | 派生信号显示制动有效标志为false，最大转向角5.4°（最后2秒）。 | TTC at brake为2.89s，反应时间430ms，AEB延迟-540ms（早于驾驶员制动）。 | 事件类型为AUTOPILOT_FAULT，等级HIGH，环境为长下坡接弯+雾+非机动车占道。
C_D4,cloud_experiment_results_C_D4_20260518_212828Z.json,11,EXP-20260518-012,传感器融合短时失效,AUTOPILOT_FAULT,HIGH,C,D4,True,6,5,0.8333,系统,系统,True,0,7,0.0,5.0,4,4,90,61,2194,,,【传感器融合短时失效】AUTOPILOT_FAULT，HIGH等级；发生于施工借道段（多云），涉及行人突然横穿；车辆自动紧急制动（AEB）激活但存在延迟，系统降级退出自动驾驶模式。,传感器融合短时失效导致行人检测置信度不足，触发系统降级及AEB介入延迟，结合施工路段环境复杂性，最终无法完全避免行人危险。,事件类型为AUTOPILOT_FAULT，等级HIGH，与传感器融合失效直接相关。 | 遥测数据表明制动系统100%激活，减速度峰值超过9.7m/s²，但aebDelayMs=-880ms（负值表示AEB早于理论阈值？实际应参考AEB触发时间，此处负值解释需谨慎，但结合TTC=2.96s，AEB启动可能偏晚）。 | 派生信号中maxSteerLast2sDeg=8.6°，最后2秒最大转向角达8.6度，但实际遥测显示转向角仅-1.5°左右，表明可能存在转向受限或未完全执行。 | 风险预测摘要指出AUTOPILOT_FAULT置信偏高，建议复盘证据链一致性。
C_D4,cloud_experiment_results_C_D4_20260518_212828Z.json,12,EXP-20260518-013,接管请求延迟,AUTOPILOT_FAULT,HIGH,C,D4,True,6,6,1.0,系统,驾驶员,False,1,10,0.1,5.0,4,4,53,56,891,"weather疑似矛盾: expected=小雨, mentioned=['雨']",,【接管请求延迟】AUTOPILOT_FAULT，HIGH等级；发生于快速路（小雨），涉及前车急刹制动灯亮起,前车急刹导致自车AEB介入，但智驾系统接管请求延迟，未能及时完成驾驶员接管，可能涉及感知、决策或执行环节时序问题,遥测显示从t=-4200ms到t=-770ms连续减速，制动深度达100%，最大减速度-9.84m/s² | TTC at brake为3.11秒，AEB提前激活（aebDelayMs=-540），但反应时间938ms | 驾驶状态全程AUTONOMOUS，无驾驶员接管记录 | 端侧风险模型对AUTOPILOT_FAULT置信偏高
C_D4,cloud_experiment_results_C_D4_20260518_212828Z.json,13,EXP-20260518-014,前车急刹反应滞后,DRIVER_SLOW_REACTION,LOW,C,D4,True,6,5,0.8333,驾驶员,驾驶员,True,0,8,0.0,4.8,5,1,56,52,1428,,,【前车急刹反应滞后】DRIVER_SLOW_REACTION，LOW等级；发生于高架匝道（多云），涉及路面抛洒物,驾驶员反应滞后（反应时间1050ms），跟车距离过近导致制动时机不足，对前车急刹及路面抛洒物预判不充分。,反应时间1050ms，超出典型预期（约500-700ms） | 制动上升时间431ms，制动建立偏慢 | AEB提前553ms介入，但驾驶员仍晚制动 | 最大转向角5.0°，存在规避动作 | 端侧模型高置信度标注DRIVER_SLOW_REACTION
C_D4,cloud_experiment_results_C_D4_20260518_212828Z.json,14,EXP-20260518-015,夜间眩光下制动偏晚,DRIVER_SLOW_REACTION,HIGH,C,D4,True,6,5,0.8333,驾驶员,驾驶员,True,1,8,0.125,5.0,6,4,59,45,1903,"weather疑似矛盾: expected=小雨, mentioned=['雨', '夜间']",,【夜间眩光下制动偏晚】DRIVER_SLOW_REACTION，HIGH等级；发生于隧道入口（小雨），涉及行人突然横穿,驾驶员在夜间隧道入口遇小雨及眩光，对突然横穿的行人反应延迟，制动触发偏晚且制动有效性不足。,制动踏板压力从t=-4200ms的36%缓慢上升至t=-2900ms的72%，反应时间约1456ms | AEB延迟-785ms，说明自动制动介入较晚或未触发 | 最大转向角8.0°，显示驾驶员有避让但不足以避免 | 制动有效标志为false，表明制动距离不足 | TTC at Brake为2.12秒，但实际制动效能不足 | 事故发生地点为隧道入口、小雨、夜间，存在眩光干扰
C_D4,cloud_experiment_results_C_D4_20260518_212828Z.json,15,EXP-20260518-016,分心使用手机,DRIVER_SLOW_REACTION,LOW,C,D4,True,6,5,0.8333,驾驶员,驾驶员,True,0,8,0.0,4.8,5,1,55,52,1779,,,分心使用手机导致慢车占道，制动反应延迟，LOW等级事故，发生于苏州工业园区收费站广场（多云），驾驶员手动驾驶。,驾驶员注意力分散（疑似使用手机），导致制动反应时间1309ms超出正常范围，且首次制动后制动有效性不足。,制动反应时间1309ms超出典型安全阈值（通常<800ms） | 制动踏板从28%到57%耗时约1.95s，但制动有效性为false（可能因制动力不足或ABS介入无效） | AEB延迟-432ms，表明AEB应更早触发但未执行或延迟 | 最大转向角5.2°（最后2秒内），可能因分心后突然发现前车而急转 | 驾驶员无明确接管请求，场景为手动驾驶，且端侧模型高置信度预测分心
C_D4,cloud_experiment_results_C_D4_20260518_212828Z.json,16,EXP-20260518-017,跟车距离过近,DRIVER_SLOW_REACTION,MEDIUM,C,D4,True,6,5,0.8333,驾驶员,驾驶员,True,0,9,0.0,5.0,5,3,61,46,1016,,,【跟车距离过近】DRIVER_SLOW_REACTION，MEDIUM等级；发生于收费站广场（雾），涉及前方车辆减速未打灯,驾驶员制动反应延迟（反应时间814ms），且跟车距离过近，导致前车减速时未能及时采取有效制动,事故前遥测显示车速从73.5km/h降至36.7km/h，制动踏板深度从30%增至76% | 派生信号：反应时间814ms，制动上升时间547ms，TTC at Brake 3.08秒 | AEB延迟-761ms，可能表示AEB介入较晚或负值含义需确认 | 最大转向5.3度，显示有避让动作 | 环境：收费站广场，有雾，前车未打灯减速
C_D4,cloud_experiment_results_C_D4_20260518_212828Z.json,17,EXP-20260518-018,雨雾视距不足仍高速接近,DRIVER_SLOW_REACTION,MEDIUM,C,D4,True,6,6,1.0,驾驶员,环境,False,0,8,0.0,5.0,6,4,62,46,1135,,,雨雾视距不足仍高速接近，施工借道段（雾），涉及施工锥桶偏移，触发DRIVER_SLOW_REACTION，等级MEDIUM。,驾驶员反应延迟，在雨雾低能见度下对施工借道段锥桶偏移未能及时减速，且跟车过近，制动时机过晚。,反应时间1317ms，超过多数紧急场景阈值（约700ms）。 | 制动上升时间297ms，表明制动建立较慢。 | TTC at brake 2.81秒，实际制动效果无效（brakeEffective:false）。 | 最大转向角仅2.6°，无大幅避险操作。 | AEB提前介入（-176ms），但未能补偿驾驶员延迟。 | 端侧风险模型输出DRIVER_SLOW_REACTION高置信。
C_D4,cloud_experiment_results_C_D4_20260518_212828Z.json,18,EXP-20260518-019,匝道汇流未预留时距,DRIVER_SLOW_REACTION,HIGH,C,D4,True,6,6,1.0,驾驶员,驾驶员,True,0,9,0.0,5.0,6,4,61,56,2078,,,匝道汇流未预留时距，驾驶员制动反应延迟，导致追尾静止排队车龙末端。等级HIGH，发生于城市主干道（晴），L2辅助驾驶状态。,驾驶员注意力分散或跟车过近，未及时识别静止车龙并采取有效制动，触发制动时已无足够安全距离（TTC=1.92s）。,遥测显示制动开始后减速度增长缓慢，制动踏板开度36%→100%用时约2s，但减速度绝对值偏低（-5.8m/s² @72%，-8.9m/s² @100%）。 | 派生TTC at Brake = 1.92s，小于典型安全阈值（通常2.5s以上），表明制动时机过晚。 | 制动有效标志为false，端侧计算未确认制动达到预期效果。 | 最大转向角8.3°未超过应急变道典型值（通常>10°），且转向时间短暂，未能完成避让。 | AEB延迟-493ms，可能表示AEB未及时触发或先于驾驶员动作？但无论如何未避免碰撞。 | 反应时间894ms属于正常范围但偏上限（通常500-1000ms），结合制动上升时间628ms，整体响应慢于紧急情况所需。
C_D4,cloud_experiment_results_C_D4_20260518_212828Z.json,19,EXP-20260518-020,AEB 触发过晚,AEB_DELAY_OR_MISS,HIGH,C,D4,True,6,4,0.6667,系统,系统,True,0,7,0.0,5.0,5,4,108,85,2003,,,AEB触发过晚，事件类型AEB_DELAY_OR_MISS，等级HIGH，发生于上海浦东新区长下坡接弯路段（多云），前车急刹制动灯亮起，驾驶员已制动但AEB介入延迟或未有效触发，最终速度降至9km/h后可能发生碰撞。,AEB系统在长下坡接弯工况下对前车急刹场景的制动灯识别或动态响应存在延迟，导致FCW与AEB仲裁链未及时触发，驾驶员制动虽早但AEB未能叠加辅助制动力，导致制动效能不足。,事件标签AEB_DELAY_OR_MISS，等级HIGH | 长下坡接弯、多云环境，前车急刹制动灯亮起 | 驾驶员制动过程持续（36%→100%），但速度下降较慢 | 端侧派生信号aebDelayMs=-320ms，reactionTimeMs=636ms，brakeRiseTimeMs=535ms | 端侧风险模型提示AEB_DELAY_OR_MISS置信偏高
C_D4,cloud_experiment_results_C_D4_20260518_212828Z.json,20,EXP-20260518-021,静态目标未识别,AEB_DELAY_OR_MISS,HIGH,C,D4,True,6,5,0.8333,系统,系统,True,1,7,0.1429,5.0,5,4,58,64,1423,"weather疑似矛盾: expected=冰雪, mentioned=['雪']",,【静态目标未识别】AEB_DELAY_OR_MISS，HIGH等级；发生于城市主干道（冰雪），涉及施工区域未封闭完全,AEB 感知与决策对静态施工障碍物的识别延迟，导致制动触发点滞后约1450ms；冰雪路面降低了最大可用减速度，进一步压缩安全裕度,遥测显示车速从75km/h持续减速至10km/h，但制动踏板深度已100% | 派生信号 aebDelayMs=-1450ms 表明 AEB 触发滞后 | TTC at brake seconds=2.25s，冰雪路面下安全裕度不足 | 端侧风险模型输出 'AEB_DELAY_OR_MISS 置信偏高' | 事件类型为 AEB_DELAY_OR_MISS，静态目标未识别
C_D4,cloud_experiment_results_C_D4_20260518_212828Z.json,21,EXP-20260518-022,FCW 报警后 AEB 未跟进,AEB_DELAY_OR_MISS,MEDIUM,C,D4,True,6,5,0.8333,系统,系统,True,1,8,0.125,4.8,6,1,65,66,1126,"weather疑似矛盾: expected=冰雪, mentioned=['雪']",,【FCW 报警后 AEB 未跟进】AEB_DELAY_OR_MISS，MEDIUM等级；发生于长下坡接弯（冰雪），涉及施工锥桶偏移,FCW报警后AEB未及时介入，结合冰雪长下坡弯道及施工锥桶偏移场景，可能因感知模型对锥桶漏检或制动策略过于保守导致AEB延迟/缺失。,"FCW报警后AEB未跟进（事件type=AEB_DELAY_OR_MISS） | 冰雪长下坡弯道环境及施工锥桶偏移 | 遥测显示制动从-4200ms开始并逐步加深，车速有效降低 | 端侧信号：reactionTimeMs=626, brakeRiseTimeMs=429, aebDelayMs=-950, ttcAtBrakeSeconds=1.97 | 驾驶员无接管请求记录 | 端侧风险模型认定AEB_DELAY_OR_MISS置信偏高"
C_D4,cloud_experiment_results_C_D4_20260518_212828Z.json,22,EXP-20260518-023,低速行人场景漏检,AEB_DELAY_OR_MISS,HIGH,C,D4,True,6,5,0.8333,系统,系统,True,0,8,0.0,5.0,6,4,99,102,1960,,,【低速行人场景漏检】AEB_DELAY_OR_MISS，HIGH等级；发生于城市主干道（多云），涉及外卖非机动车占道。AEB触发偏晚或未触发，FCW与AEB仲裁链可追溯，车载边缘节点已上传摘要哈希。,端侧风险模型置信偏高但实际AEB延迟680ms，TTC仅2.98s时制动，结合速度较高（初始87km/h）与转向避让（最大转角3.6°），推测感知系统对占道非机动车漏检或分类错误，导致AEB触发时机滞后。,事件类型AEB_DELAY_OR_MISS，严重度HIGH | 遥测显示制动从t=-4200ms持续至t=-770ms，速度从87.1降至14.4km/h | 派生信号aebDelayMs=-680（延迟680ms） | 派生信号ttcAtBrakeSeconds=2.98 | 派生信号brakeEffective=true但maxSteerLast2sDeg=3.6说明有转向避让 | 端侧风险模型建议重视证据链一致性
C_D4,cloud_experiment_results_C_D4_20260518_212828Z.json,23,EXP-20260518-024,施工区域未减速,AEB_DELAY_OR_MISS,HIGH,C,D4,True,6,5,0.8333,系统,系统,True,0,8,0.0,4.6,4,4,30,67,1074,,,施工区域未减速导致AEB触发偏晚，涉及行人横穿，等级HIGH,感知或决策模块未能及时识别施工区域行人横穿风险，AEB触发时机较预期延迟约950ms，同时制动压力建立耗时456ms，导致碰撞风险增加,"遥测显示制动深度从36%逐步增至100%，但AEB延迟950ms | 端侧派生信号：reactionTimeMs=879, brakeRiseTimeMs=456, aebDelayMs=-950, ttcAtBrakeSeconds=2.16 | 风险预测摘要指出AEB_DELAY_OR_MISS置信偏高 | 驾驶员无接管请求或手动恢复"
C_D4,cloud_experiment_results_C_D4_20260518_212828Z.json,24,EXP-20260518-025,相邻车道侵入未抑制,AEB_DELAY_OR_MISS,HIGH,C,D4,True,6,4,0.6667,驾驶员,系统,False,0,6,0.0,4.6,4,3,23,63,1454,,,相邻车道侵入未抑制导致AEB延迟，HIGH等级,系统对相邻车道侵入车辆的制动灯信号识别延迟，AEB触发偏晚（aebDelayMs=-320ms），虽然后续全力制动但有效性不足,AEB触发延迟-320ms | 制动有效性false | 相邻车道侵入未抑制事件类型 | 端侧风险模型高置信度建议
C_D4,cloud_experiment_results_C_D4_20260518_212828Z.json,25,EXP-20260518-026,拥堵跟车时距 <1.2s,TTC_LOW_RISK,HIGH,C,D4,True,6,6,1.0,驾驶员,驾驶员,True,0,8,0.0,5.0,6,4,58,113,2094,,,【拥堵跟车时距 <1.2s】TTC_LOW_RISK，HIGH等级；发生于城市主干道（多云），涉及前车急刹制动灯亮起,跟车时距不足（<1.2s），驾驶员反应滞后（reactionTimeMs=778ms），制动压力上升慢（brakeRiseTimeMs=343ms）且制动效果不良（brakeEffective=false），导致TTC持续偏低,前7秒内速度从88 km/h降至14.8 km/h，平均减速度约2.9 m/s²，但最后-10.66 m/s²显示紧急制动 | 制动踏板深度在t=-2250ms后保持100%，但brakeEffective=false，提示制动效能不足 | 驾驶员反应时间778ms，制动压力上升时间343ms，均处于正常范围上限 | AEB提前152ms触发（aebDelayMs=-152），但未能有效弥补制动不足 | 最大转向幅度4.4°，表明有轻微修正，但未大幅变道 | 端侧风险模型输出TTC_LOW_RISK，但实际严重度等级HIGH，存在模型置信偏差
C_D4,cloud_experiment_results_C_D4_20260518_212828Z.json,26,EXP-20260518-027,cut-in 后 TTC 骤降,TTC_LOW_RISK,LOW,C,D4,True,6,5,0.8333,驾驶员,环境,False,0,10,0.0,5.0,7,4,102,67,1872,,,【cut-in 后 TTC 骤降】TTC_LOW_RISK，LOW等级；发生于快速路（雾），涉及施工锥桶偏移；跟车时距持续低于安全阈值、相对速度未充分消化、车载边缘节点已上传摘要哈希（模拟链上存证索引）。,前期跟车时距持续低于安全阈值，且在前车切入（cut-in）后相对速度未充分消化，叠加施工锥桶偏移导致预期轨迹冲突，最终引发TTC骤降。,遥测显示制动百分比从28%增至57%，减速度增大，证明系统已主动干预。 | 反应时间931ms、制动上升时间598ms，表明系统响应在正常范围内。 | AEB延迟-538ms，可能表示AEB在制动前已触发，需核实符号含义。 | TTC at brake=1.21秒，低于常规安全阈值（通常2.5秒）。 | 最大转向角8.8°，说明系统尝试换道或避让。 | 风险预测摘要指出TTC_LOW_RISK置信偏高，建议云端复盘证据链一致性。 | 环境描述有雾和施工锥桶偏移，增加场景复杂度。
C_D4,cloud_experiment_results_C_D4_20260518_212828Z.json,27,EXP-20260518-028,下坡车速过快导致 TTC 不足,TTC_LOW_RISK,HIGH,C,D4,True,6,5,0.8333,驾驶员,环境,False,0,9,0.0,5.0,5,3,54,51,1663,,,下坡车速过快导致TTC不足，TTC_LOW_RISK HIGH等级，发生于快速路（晴），施工区域未完全封闭。,驾驶员在下坡路段以约87km/h高速跟车，遇施工区域未完全封闭，相对速度未充分消化，触发TTC低风险。,初始速度86.7km/h高于下坡安全车度 | 制动从36%逐步增至100%，减速度达-9.7m/s²以上 | AEB延迟-548ms，表明系统提前介入 | TTC at brake=1.43秒，低于典型阈值 | 施工区域未完全封闭增加了不确定性
C_D4,cloud_experiment_results_C_D4_20260518_212828Z.json,28,EXP-20260518-029,弯道出口前车减速,TTC_LOW_RISK,MEDIUM,C,D4,True,6,5,0.8333,驾驶员,驾驶员,True,1,10,0.1,3.95,9,3,41,39,994,"weather疑似矛盾: expected=小雨, mentioned=['雨']",,弯道出口前车减速未打灯导致TTC_LOW_RISK事件，MEDIUM等级，手动驾驶,前车在弯道出口减速未打灯，导致本车跟车时距持续低于安全阈值，相对速度未充分消化,遥测数据：速度从56.30km/h降至19.50km/h，制动强度从30%升至76% | ax峰值-6.30m/s²（t=-2250ms） | 反应时间877ms（从风险开始到刹车） | 制动上升时间474ms | AEB延迟-364ms（系统早于驾驶员） | TTC at brake=1.08s | 最大转向角度5.1° | 制动有效标志true | 无明确接管请求
C_D4,cloud_experiment_results_C_D4_20260518_212828Z.json,29,EXP-20260518-030,绿灯起步抢行导致 TTC 不足,TTC_LOW_RISK,MEDIUM,C,D4,True,6,5,0.8333,驾驶员,环境,False,1,10,0.1,4.6,6,4,49,87,1761,"weather疑似矛盾: expected=小雨, mentioned=['雨']",,绿灯起步抢行导致 TTC 不足，行人靠近路缘，小雨环境，自动驾驶模式，MEDIUM 等级风险事件。,绿灯起步时车辆加速抢行，未充分识别并减速应对靠近路缘的行人，导致跟车时距持续低于安全阈值，相对速度未充分消化，TTC 降至 1.08s，触发 TTC_LOW_RISK 预警。,速度从 90km/h 降至 53.2km/h，制动最大 76%，减速度 -6.3m/s² | 反应时间 736ms，制动上升时间 388ms，AEB 提前 -247ms 触发 | TTC at brake 1.08s，低于常见安全阈值 | 最大转向角 4.8°，表明车辆有主动转向规避 | 小雨环境，路面可能湿滑 | 无驾驶员接管请求，系统全权控制
C_D4,cloud_experiment_results_C_D4_20260518_212828Z.json,30,EXP-20260518-031,大车遮挡后突然出现的慢车,TTC_LOW_RISK,HIGH,C,D4,True,6,6,1.0,驾驶员,环境,False,1,10,0.1,4.6,7,4,95,39,1896,"weather疑似矛盾: expected=小雨, mentioned=['雨']",,【大车遮挡后突然出现的慢车】TTC_LOW_RISK，HIGH等级；发生于高架匝道（小雨），涉及前车急刹制动灯亮起。跟车时距持续低于安全阈值、相对速度未充分消化、车载边缘节点已上传摘要哈希。,前车因慢车或障碍急刹，自车跟车时距不足且反应滞后，制动介入虽强但未能避免风险。,遥测显示自车持续减速至7.6km/h，最大减速度-11.39m/s² | 制动踏板100%持续两个时段，但TTC at brake仅0.75秒 | 反应时间688ms，制动上升时间471ms | AEB延迟-469ms（AEB在驾驶员制动后介入） | 最大转向5.5度但未有效避让 | 事件为TTC_LOW_RISK HIGH等级 | 端侧风险模型建议复盘侧重证据链一致性
C_D4,cloud_experiment_results_C_D4_20260518_212828Z.json,31,EXP-20260518-032,系统请求接管后 5s 内未接管,DRIVER_TAKEOVER_FAIL,HIGH,C,D4,True,6,5,0.8333,系统,驾驶员,False,0,9,0.0,5.0,6,4,68,50,1918,,,【系统请求接管后 5s 内未接管】DRIVER_TAKEOVER_FAIL，HIGH等级；发生于城市主干道（晴），涉及前车急刹制动灯亮起,驾驶员在系统发出接管请求后未及时握盘或执行有效接管动作，导致DRIVER_TAKEOVER_FAIL,系统发出接管请求后5s内未接管 | 车速从56.10km/h持续减至5.20km/h | 最大制动深度100%，制动有效 | 驾驶员反应时间1173ms | 端侧风险模型DRIVER_TAKEOVER_FAIL置信偏高 | 前车急刹制动灯亮起触发事件
C_D4,cloud_experiment_results_C_D4_20260518_212828Z.json,32,EXP-20260518-033,双手脱离方向盘,DRIVER_TAKEOVER_FAIL,MEDIUM,C,D4,True,6,4,0.6667,系统,驾驶员,False,1,8,0.125,4.6,6,4,64,38,1692,"weather疑似矛盾: expected=侧风偏大, mentioned=['雨']",,【双手脱离方向盘】DRIVER_TAKEOVER_FAIL，MEDIUM等级；发生于城市主干道（侧风偏大），涉及相邻车道变道挤压,驾驶员未及时响应系统接管请求，方向盘长时间脱手，叠加侧风影响导致车辆偏离车道,系统在-4200ms至-1600ms内持续减速，制动从30%升至76% | 方向盘角度从1.0°变化至-0.6°，最大变化幅度7.8°（2秒内） | 驾驶员反应时间1454ms（远超安全阈值） | AEB提前586ms触发（制动有效） | TTC at brake为2.14秒，风险等级中等 | 端侧风险模型预测DRIVER_TAKEOVER_FAIL置信偏高
C_D4,cloud_experiment_results_C_D4_20260518_212828Z.json,33,EXP-20260518-034,接管后方向修正过量,DRIVER_TAKEOVER_FAIL,LOW,C,D4,True,6,3,0.5,系统,驾驶员,False,0,8,0.0,4.8,5,1,57,70,1643,,,【接管后方向修正过量】DRIVER_TAKEOVER_FAIL，LOW等级；发生于长下坡接弯（雾），涉及路面抛洒物,系统请求接管后驾驶员未及时握盘（反应时间920ms），随后在低附着路面（雾、下坡、抛洒物）下猛打方向（最大转向4.3°），导致方向修正过量。,遥测显示制动强度逐渐增大（28%→57%），系统已主动减速 | 方向盘转角在t=-2250ms后突变（-0.80°→2.00°），最大转向角4.3° | 驾驶员反应时间920ms，且摘要提示未及时握盘 | AEB提前介入（delay -214ms），制动有效 | 事件场景：长下坡+弯道+雾+路面抛洒物
C_D4,cloud_experiment_results_C_D4_20260518_212828Z.json,34,EXP-20260518-035,L3 降级时驾驶员未响应,DRIVER_TAKEOVER_FAIL,LOW,C,D4,True,6,5,0.8333,驾驶员,驾驶员,True,0,9,0.0,5.0,5,4,63,57,1622,,,【L3 降级时驾驶员未响应】DRIVER_TAKEOVER_FAIL，LOW等级；发生于城市主干道（侧风偏大），涉及路面抛洒物,驾驶员在系统发出接管请求后未及时握盘，反应时间1362ms超过安全阈值，且未执行有效转向或制动操作，导致接管失败。,时间戳显示事故前4200ms至2250ms车速持续下降，制动深度增加 | 方向盘转角最大仅4.4°，表明无驾驶员紧急转向意图 | 反应时间1362ms超出典型安全范围（通常<1000ms） | 端侧风险模型给出DRIVER_TAKEOVER_FAIL置信偏高 | 系统已自动制动且AEB提前启动，但驾驶员未接管
C_D4,cloud_experiment_results_C_D4_20260518_212828Z.json,35,EXP-20260518-036,拥堵跟车系统退出未制动,DRIVER_TAKEOVER_FAIL,LOW,C,D4,True,6,4,0.6667,系统,驾驶员,False,0,7,0.0,5.0,5,4,83,42,1450,,,拥堵跟车系统退出未制动，DRIVER_TAKEOVER_FAIL，LOW等级，发生时间1740005004000，地点上海浦东新区高架匝道（多云），涉及施工锥桶偏移。,系统发出接管请求后，驾驶员未及时握盘或接管动作不当，导致系统退出时无法完成有效制动。,系统请求接管后驾驶员未及时握盘（驾驶员接管摘要） | 反应时间920ms，超过典型接管阈值 | AEB介入延迟-251ms | 制动全程有效且不断增强 | 风险模型提示DRIVER_TAKEOVER_FAIL置信偏高
C_D4,cloud_experiment_results_C_D4_20260518_212828Z.json,36,EXP-20260518-037,驾驶员误踩加速踏板,DRIVER_TAKEOVER_FAIL,HIGH,C,D4,True,6,6,1.0,系统,驾驶员,False,0,8,0.0,5.0,6,4,63,49,2044,,,【驾驶员误踩加速踏板】DRIVER_TAKEOVER_FAIL，HIGH等级；发生于施工借道段（多云），涉及前车急刹制动灯亮起,驾驶员未及时握盘响应系统接管请求，导致接管失败；实际数据未显示误踩加速踏板，而是制动有效但反应延迟,制动踏板从36%线性增至100%，无松开迹象，排除误踩加速 | 车速从55.4km/h持续降至5.2km/h，制动效能合格 | 反应时间965ms，制动上升时间450ms，属正常范围但偏长 | AEB介入提前制动触发394ms，TTC at brake=2.11s | 最后2秒方向盘最大转角5.0°，存在转向操作 | driverTakeoverSummary明确'未及时握盘'
C_D4,cloud_experiment_results_C_D4_20260518_212828Z.json,37,EXP-20260518-038,团雾突发能见度骤降,ENVIRONMENT_DISTURB,HIGH,C,D4,True,6,5,0.8333,驾驶员,环境,False,1,9,0.1111,5.0,5,4,58,45,1016,"weather疑似矛盾: expected=小雨, mentioned=['雨', '雾']",,【团雾突发能见度骤降】ENVIRONMENT_DISTURB，HIGH等级；发生于隧道入口（小雨），涉及行人突然横穿,团雾导致能见度骤降，叠加隧道入口小雨湿滑路面，行人突然横穿，车辆制动和转向未能有效规避碰撞,最高制动强度100%，但制动有效false | TTC在制动时刻为2.15秒，小于典型安全阈值 | AEB提前触发（aebDelayMs=-482），但制动减速度未达预期 | 最大转向角7.4°，但转向方向多次变化 | 环境因素：团雾、小雨、行人横穿、隧道入口
C_D4,cloud_experiment_results_C_D4_20260518_212828Z.json,38,EXP-20260518-039,路面结冰侧滑,ENVIRONMENT_DISTURB,LOW,C,D4,True,6,5,0.8333,驾驶员,驾驶员,True,0,9,0.0,5.0,6,4,52,61,1747,,,【路面结冰侧滑】ENVIRONMENT_DISTURB，LOW等级；发生于长下坡接弯（雾），涉及慢车占道,长下坡接弯路段因路面结冰导致附着系数突变，驾驶员在雾中视野受限，反应时间921ms，制动力不足且转向干预滞后，最终侧滑失控,车速从77.5km/h降至49.9km/h，制动深度从28%增至57%，减速度从-0.9上升至-4.2m/s² | 反应时间921ms，制动上升时间503ms，TTC at brake=1.64s | AEB延迟-478ms（未触发） | 最大转向角8.4°，转向幅度较小 | brakeEffective=false，说明制动效果差 | 路段为长下坡接弯，有雾，慢车占道
C_D4,cloud_experiment_results_C_D4_20260518_212828Z.json,39,EXP-20260518-040,强光逆光相机失效,ENVIRONMENT_DISTURB,HIGH,C,D4,True,6,4,0.6667,驾驶员,系统,False,0,7,0.0,5.0,5,4,59,80,1043,,,【强光逆光相机失效】ENVIRONMENT_DISTURB，HIGH等级；发生于高架匝道（雾），涉及前车急刹制动灯亮起,强光逆光导致车载相机感知失效，结合雾天能见度下降，车辆未能及时识别前车制动意图，但系统通过制动介入在TTC=2.09秒时触发制动，最终避免碰撞或减轻碰撞严重度。,"事件类型为ENVIRONMENT_DISTURB，等级HIGH，涉及强光逆光相机失效 | 遥测显示急减速，最大减速度-11.37m/s²，制动100%持续至少0.9秒 | 派生信号：reactionTimeMs=842, brakeRiseTimeMs=552, aebDelayMs=-814, ttcAtBrakeSeconds=2.09, brakeEffective=true | 风险模型预测ENVIRONMENT_DISTURB置信偏高 | 无明确接管请求，系统在L2状态下运行"
C_D4,cloud_experiment_results_C_D4_20260518_212828Z.json,40,EXP-20260518-041,横风高架桥面偏移,ENVIRONMENT_DISTURB,MEDIUM,C,D4,True,6,5,0.8333,驾驶员,环境,False,1,9,0.1111,5.0,6,4,60,70,1667,"weather疑似矛盾: expected=大雨, mentioned=['雨']",,【横风高架桥面偏移】ENVIRONMENT_DISTURB，MEDIUM等级；发生于快速路（大雨），涉及相邻车道变道挤压,大雨导致的低附着系数与强侧向横风共同作用，使车辆在高速行驶时产生侧向偏移，叠加相邻车道车辆变道挤压，系统虽及时制动减速但未能完全抵消侧向扰动,遥测显示持续制动从63.6km/h降至26.8km/h，制动深度达76%，纵向减速度峰值-6.30m/s² | 转向角在最后时刻由正变负（1.70°→-0.40°），表明系统主动纠偏 | 派生信号中AEB提前497ms触发（aebDelayMs=-497），TTC at brake=1.93s，制动有效 | 最大转向角9.0°（前2秒内），超出常规车道保持，暗示侧向扰动较大 | 无驾驶员接管请求，系统全程自主控制 | 风险模型输出ENVIRONMENT_DISTURB置信偏高
C_D4,cloud_experiment_results_C_D4_20260518_212828Z.json,41,EXP-20260518-042,积水水滑,ENVIRONMENT_DISTURB,HIGH,C,D4,True,6,6,1.0,驾驶员,系统,False,0,8,0.0,5.0,5,4,103,69,1662,,,【积水水滑】ENVIRONMENT_DISTURB，HIGH等级；发生于苏州工业园区城市主干道（多云），涉及前车急刹制动灯亮起，车辆在自动驾驶状态下因积水导致附着系数突变，制动距离不足，最终低速碰撞或偏离。,积水导致路面附着系数显著降低，车辆在高速制动时轮胎失去抓地力发生水滑，制动系统无法提供有效减速度，且系统未及时调整转向或选择其他避障策略。,遥测显示制动踏板100%时减速度仅-10.47 m/s²（干地应达-8~-10 m/s²，但此处速度低却未完全停止，实际附着力更低） | 派生信号中brakeEffective为false | TTC at Brake为2.7秒（充足反应时间）但未避免事故 | 最大转向角8.4°（对应横摆修正）表明车辆已试图规避 | 环境描述包含‘积水水滑’及‘附着系数突变’
C_D4,cloud_experiment_results_C_D4_20260518_212828Z.json,42,EXP-20260518-043,夜间无照明行人横穿,ENVIRONMENT_DISTURB,MEDIUM,C,D4,True,6,4,0.6667,驾驶员,环境,False,1,8,0.125,4.8,4,1,62,73,1635,"weather疑似矛盾: expected=大雨, mentioned=['雨', '夜间']",,【夜间无照明行人横穿】ENVIRONMENT_DISTURB，MEDIUM等级；发生于快速路（大雨），涉及前方车辆减速未打灯,环境扰动（大雨、夜间无照明）导致感知受限，前方车辆突然减速未打灯，系统制动响应虽及时但最终制动效果不足（brakeEffective:false）,"遥测显示制动从30%增至76%，减速度从-1.2增至-6.3 m/s² | 派生信号reactionTimeMs=759, brakeRiseTimeMs=497, aebDelayMs=-509, ttcAtBrakeSeconds=2.99 | brakeEffective=false, maxSteerLast2sDeg=5.1 | 风险预测：ENVIRONMENT_DISTURB 置信偏高"
C_D4,cloud_experiment_results_C_D4_20260518_212828Z.json,43,EXP-20260518-044,人-车-路-环境多因素叠加,MULTI_FACTOR,MEDIUM,C,D4,True,6,5,0.8333,驾驶员,驾驶员,True,0,9,0.0,5.0,7,3,57,66,977,,,【人-车-路-环境多因素叠加】MULTI_FACTOR，MEDIUM等级；发生于高架匝道（多云），涉及匝道汇流冲突,多因素叠加：驾驶员反应与操作（反应时间434ms，制动上升时间583ms，转向调整）、匝道汇流冲突、环境多云影响，单一因素不足以解释,事件类型MULTI_FACTOR，等级MEDIUM | 触发因素：人因、系统策略、环境因素同时显著 | 遥测：t=-4200ms速度64.7km/h，ax=-1.2m/s²，制动30%；t=-1600ms速度27.9km/h，ax=-5.8m/s²，制动72% | 方向盘最大偏转3.0°（最后2秒） | 反应时间434ms，制动上升时间583ms，TTC at brake=1.51s | AEB延迟-474ms（驾驶员先制动） | 端侧风险模型：MULTI_FACTOR置信偏高
C_D4,cloud_experiment_results_C_D4_20260518_212828Z.json,44,EXP-20260518-045,施工改道+感知降级+驾驶员分心,MULTI_FACTOR,MEDIUM,C,D4,True,6,5,0.8333,驾驶员,驾驶员,True,1,9,0.1111,5.0,6,4,58,66,1593,"weather疑似矛盾: expected=冰雪, mentioned=['雪']",,施工改道+感知降级+驾驶员分心引发的多因素中度事故，发生于广州黄埔区快速路冰雪路面，涉及匝道汇流冲突，人工驾驶状态。,驾驶员分心导致反应延迟（578ms），叠加冰雪路面低附着系数与施工改道引起的复杂交通环境，车辆在匝道汇流区域未能及时有效制动和避让。,遥测显示连续制动且速度下降，但制动强度未达100%且转向波动 | 驾驶员反应时间578ms，大于典型值（约500ms） | 冰雪路面降低制动效率（输入中提及冰雪环境） | 施工改道增加环境复杂度（输入中提及） | AEB提前-209ms，表明系统感知到风险但未完全接管 | 无明确接管请求，符合人工驾驶状态
C_D4,cloud_experiment_results_C_D4_20260518_212828Z.json,45,EXP-20260518-046,恶劣天气+跟车过近+AEB 保守策略,MULTI_FACTOR,MEDIUM,C,D4,True,6,4,0.6667,驾驶员,环境,False,1,8,0.125,5.0,7,4,61,115,1171,"weather疑似矛盾: expected=大雨, mentioned=['雨']",,【恶劣天气+跟车过近+AEB 保守策略】MULTI_FACTOR，MEDIUM等级；发生于城市主干道（大雨），涉及慢车占道,多因素耦合：1) 恶劣天气（大雨）导致路面摩擦系数降低、视野受限；2) 驾驶员跟车过近，在前方慢车占道时反应时间不足；3) AEB标定保守（aebDelayMs为-163ms表示提前介入但制动力度可能不足），未能完全补偿人因失误。,天气：大雨，路面湿滑（由事件描述和风险模型推断） | 速度：从64km/h持续减速至27.2km/h，制动深度达76% | 跟车距离：TTC at brake为2.92s，远低于安全阈值（通常>3.5s） | 驾驶员反应：reactionTime=433ms，在正常范围但偏晚 | AEB介入：aebDelayMs=-163ms（提前介入），但brakeEffective=true（制动有效，未触发更激进策略） | 转向：maxSteerLast2sDeg=4.3°，幅度较小，无法完全规避 | 风险模型：端侧标记MULTI_FACTOR，确认多因素属性
C_D4,cloud_experiment_results_C_D4_20260518_212828Z.json,46,EXP-20260518-047,匝道+大车遮挡+前车急刹,MULTI_FACTOR,HIGH,C,D4,True,6,5,0.8333,驾驶员,环境,False,1,8,0.125,5.0,6,3,51,91,647,"weather疑似矛盾: expected=小雨, mentioned=['雨']",,匝道+大车遮挡+前车急刹，多重因素导致事故，小雨施工路段行人横穿，HIGH severity，手动驾驶,多重因素耦合：大车遮挡造成视野受限，前车急刹引发紧急制动，同时行人横穿增加复杂性，制动反应时间略长（827ms）且AEB介入较晚（延迟-237ms，但实际可能更早），最终未能避免碰撞,遥测显示制动从-4200ms开始逐级增强至100% | 反应时间827ms，制动上升时间446ms | AEB延迟-237ms，TTC=2.24s | 最大转向角6.3° | 风险模型标注MULTI_FACTOR | 手动驾驶状态且无接管请求
C_D4,cloud_experiment_results_C_D4_20260518_212828Z.json,47,EXP-20260518-048,夜间+眩光+非机动车占道,MULTI_FACTOR,HIGH,C,D4,True,6,6,1.0,驾驶员,环境,False,0,9,0.0,4.6,5,3,57,29,1760,,,【夜间+眩光+非机动车占道】MULTI_FACTOR，HIGH等级；发生于施工借道段（晴），涉及前车急刹制动灯亮起,人因、系统策略与环境因素同时显著，单一归因不足以解释全链路,遥测显示制动踏板从36%升至100%耗时约1.3秒，且减速度变化跟随踏板深度，符合人工制动特征 | AEB延迟为-685ms（相对制动时刻），表明系统触发早于驾驶员，但制动效果不足 | TTC at brake为2.0秒，处于潜在危险区间 | 最大转向角6.5°，显示驾驶员有规避意图 | 施工借道段、夜间眩光、非机动车占道等环境因素显著
C_D4,cloud_experiment_results_C_D4_20260518_212828Z.json,48,EXP-20260518-049,系统提示弱+环境复杂+接管犹豫,MULTI_FACTOR,HIGH,C,D4,True,6,5,0.8333,驾驶员,环境,False,1,10,0.1,4.6,4,3,59,29,1017,"weather疑似矛盾: expected=多云, mentioned=['雨']",,【系统提示弱+环境复杂+接管犹豫】MULTI_FACTOR，HIGH等级；发生于快速路（多云），涉及施工区域未封闭完全,人因、系统策略与环境因素同时显著，单一归因不足以解释全链路,遥测数据：速度从48.6降至5.2km/h，制动从36%升至100%，转向最大3.0度 | 派生信号：反应时间502ms，制动上升时间404ms，AEB提前152ms介入，TTC 2.54s，制动无效 | 触发条件：MULTI_FACTOR，人因、系统、环境均显著 | 环境：快速路、多云、施工区未封闭完全
C_D4,cloud_experiment_results_C_D4_20260518_212828Z.json,49,EXP-20260518-050,多车交互+信号延迟+制动不足,MULTI_FACTOR,HIGH,C,D4,True,6,5,0.8333,驾驶员,系统,False,1,9,0.1111,4.4,6,1,84,217,1905,"weather疑似矛盾: expected=小雨, mentioned=['雨']",,多车交互+信号延迟+制动不足，MULTI_FACTOR，HIGH等级；发生于武汉东湖高新区城市主干道小雨环境，前车急刹制动灯亮起，自车自动制动与转向协同不足，导致碰撞。,主因：前车急刹触发高减速度需求，但自车制动压力建立延迟（brakeRiseTimeMs=453）与转向介入时机不当（steer角度变化滞后）；辅因：小雨路面附着系数降低，实际减速度未达理论最大值（峰值ax=-10.27m/s²，但TTC=2.79s时制动已全开）；系统因素：AEB激活延迟（aebDelayMs=-363，表示AEB实际早于触发阈值？注意负值可能表示提前，但结合反应时间，存在感知或决策延迟），且无明确驾驶员接管请求。,brakeRiseTimeMs=453，制动压力建立时间较长 | aebDelayMs=-363，AEB实际触发时刻早于理论阈值，但反应时间935ms偏长 | ttcAtBrakeSeconds=2.79，制动时距前车较近 | maxSteerLast2sDeg=6.7，转向幅度较大但晚于制动 | 小雨天气（路面湿滑）降低最大减速度潜力 | 前车制动灯亮起但自车感知响应有延迟
